test,station,p_MPa,G_kg_m2s,U_V,I_A,qw_kW_m2,Tin_C,dp_bar,Two_C,Twi_C,hb_kJ_kg,Tb_C,alpha_W_m2K,unc_qw_W_m2,unc_Two_C,unc_hb_J_kg,unc_alpha_W_m2K,rho_b,mu_b_uPa_s,lam_b_mWmK,cp_b,Pr_b,rho_w,mu_w_uPa_s,lam_w_mWmK,Re_b,Nu_meas,ratio_rho_w_b,ratio_mu_w_b,ratio_lam_w_b,T_pc_C,dT_b_to_pc_K,abs_dT_pc_K,near_pc,hb_coolprop_kJkg,hb_residual_kJkg
T1,1,10,447.4,6.5,6.4,9.5,20.1,0.13,28.10,28.00,250.30,22.83,1826.75,13.36,0.50,20.72,123.68,835.146,78.1470,93.1346,2748.02,2.30580,791.080,69.9919,86.7503,5038.10,17.2604,0.94723,0.89564,0.93145,45.01,-22.180,22.180,False,250.291,0.009
T1,2,10,447.4,6.5,6.4,9.5,20.1,0.13,31.30,31.20,258.75,25.82,1756.13,13.36,0.50,20.72,114.31,810.664,73.4698,89.4739,2919.65,2.39741,758.849,64.7127,82.6703,5358.83,17.2720,0.93608,0.88081,0.92396,45.01,-19.190,19.190,False,258.752,-0.002
T1,3,10,447.4,6.5,6.4,9.5,20.1,0.13,35.35,35.25,267.21,28.62,1425.13,13.36,0.50,20.72,75.29,785.190,68.9878,85.9670,3130.78,2.51242,709.373,57.5189,77.4543,5706.98,14.5883,0.90344,0.83375,0.90098,45.01,-16.390,16.390,False,267.209,0.001
T1,4,10,447.4,6.5,6.4,9.5,20.1,0.13,37.91,37.81,275.67,31.22,1432.37,13.36,0.50,20.72,76.05,758.631,64.6788,82.6446,3393.51,2.65581,670.062,52.4582,74.2969,6087.19,15.2519,0.88325,0.81106,0.89899,45.01,-13.790,13.790,False,275.673,-0.003
T1,5,10,447.4,6.5,6.4,9.5,20.1,0.13,39.84,39.74,284.13,33.60,1537.48,13.36,0.50,20.72,87.62,731.017,60.5429,79.5714,3726.94,2.83569,634.001,48.2486,72.1373,6503.03,17.0034,0.86729,0.79693,0.90657,45.01,-11.410,11.410,False,284.124,0.006
T1,6,10,447.4,6.5,6.4,9.5,20.1,0.13,41.80,41.70,292.58,35.75,1587.33,13.36,0.50,20.72,93.39,702.307,56.5699,76.8212,4156.44,3.06074,589.767,43.5824,70.2253,6959.75,18.1831,0.83976,0.77042,0.91414,45.01,-9.260,9.260,False,292.571,0.009
T1,7,10,447.4,6.5,6.4,9.5,20.1,0.13,43.26,43.16,301.04,37.67,1720.06,13.36,0.50,20.72,109.66,672.436,52.7492,74.4626,4701.67,3.33065,551.160,39.9123,68.8444,7463.85,20.3277,0.81965,0.75664,0.92455,45.01,-7.340,7.340,False,301.045,-0.005
T1,8,10,447.4,6.5,6.4,9.5,20.1,0.13,44.71,44.62,309.50,39.36,1795.71,13.36,0.50,20.72,119.52,641.635,49.1078,72.5420,5357.76,3.62697,509.212,36.3137,66.8048,8017.29,21.7836,0.79362,0.73947,0.92091,45.01,-5.650,5.650,False,309.519,-0.019
T1,9,10,447.4,6.5,6.4,9.5,20.1,0.13,45.68,45.58,317.95,40.84,1990.32,13.36,0.50,20.72,146.82,610.226,45.6763,71.0284,6097.22,3.92095,481.849,34.1723,64.9016,8619.61,24.6589,0.78962,0.74814,0.91374,45.01,-4.170,4.170,True,317.975,-0.025
T1,10,10,447.4,6.5,6.4,9.5,20.1,0.13,47.16,47.06,326.41,42.14,1920.46,13.36,0.50,20.72,136.70,578.633,42.4872,69.8276,6879.38,4.18582,443.120,31.4075,61.3918,9266.61,24.2025,0.76580,0.73922,0.87919,45.01,-2.870,2.870,True,326.399,0.011
T1,11,10,447.4,6.5,6.4,9.5,20.1,0.13,49.09,48.99,334.87,43.31,1661.84,13.36,0.50,20.72,102.37,546.949,39.5332,68.6792,7592.41,4.37035,401.816,28.7937,56.3923,9959.02,21.2935,0.73465,0.72834,0.82110,45.01,-1.700,1.700,True,334.875,-0.005
T1,12,10,447.4,6.5,6.4,9.5,20.1,0.13,51.04,50.94,343.32,44.39,1440.94,13.36,0.50,20.72,76.97,515.883,36.8601,67.1964,8013.99,4.39601,370.152,27.0241,51.9498,10681.26,18.8705,0.71751,0.73315,0.77310,45.01,-0.620,0.620,True,343.334,-0.014
T1,13,10,447.4,6.5,6.4,9.5,20.1,0.13,52.63,52.54,351.78,45.44,1330.52,13.36,0.50,20.72,65.63,485.761,34.4688,65.2033,8051.80,4.25648,349.750,25.9943,48.9632,11422.26,17.9570,0.72000,0.75414,0.75093,45.01,0.430,0.430,True,351.802,-0.022
T1,14,10,447.4,6.5,6.4,9.5,20.1,0.13,54.37,54.27,360.24,46.50,1215.56,13.36,0.50,20.72,54.78,457.142,32.3732,62.7860,7767.32,4.00492,331.714,25.1589,46.3124,12161.68,17.0371,0.72563,0.77715,0.73762,45.01,1.490,1.490,True,360.207,0.033
T1,15,10,447.4,6.5,6.4,9.5,20.1,0.13,55.34,55.24,368.70,47.63,1241.05,13.36,0.50,20.72,57.10,429.770,30.5251,59.9107,7200.96,3.66896,322.998,24.7814,45.0448,12897.99,18.2292,0.75156,0.81184,0.75187,45.01,2.620,2.620,True,368.686,0.014
T1,16,10,447.4,6.5,6.4,9.5,20.1,0.13,56.38,56.28,377.15,48.87,1274.31,13.36,0.50,20.72,60.20,404.070,28.9274,56.6932,6450.90,3.29154,314.547,24.4324,43.8326,13610.34,19.7800,0.77845,0.84461,0.77315,45.01,3.860,3.860,True,377.152,-0.002
T1,17,10,447.4,6.5,6.4,9.5,20.1,0.13,57.88,57.78,385.61,50.27,1256.67,13.36,0.50,20.72,58.55,380.064,27.5560,53.3752,5666.51,2.92544,303.703,24.0099,42.3119,14287.73,20.7188,0.79908,0.87132,0.79273,45.01,5.260,5.260,False,385.619,-0.009
T1,18,10,447.4,6.5,6.4,9.5,20.1,0.13,59.38,59.29,394.07,51.87,1273.14,13.36,0.50,20.72,60.09,357.789,26.3895,50.1454,4935.77,2.59750,294.092,23.6605,41.0068,14919.26,22.3423,0.82197,0.89659,0.81776,45.01,6.860,6.860,False,394.077,-0.007
T1,19,10,447.4,6.5,6.4,9.5,20.1,0.13,61.68,61.58,402.52,53.71,1199.95,13.36,0.50,20.72,53.38,337.170,25.4040,47.1119,4291.75,2.31422,281.466,23.2390,39.3695,15498.04,22.4138,0.83479,0.91478,0.83566,45.01,8.700,8.700,False,402.539,-0.019
T1,20,10,447.4,6.5,6.4,9.5,20.1,0.13,64.15,64.06,410.98,55.82,1146.53,13.36,0.50,20.72,48.74,318.181,24.5804,44.3513,3744.07,2.07504,269.823,22.8909,37.9533,16017.33,22.7490,0.84802,0.93127,0.85574,45.01,10.810,10.810,False,410.986,-0.006
T2,1,10,447.4,8.2,8.0,14.8,20.1,0.17,32.61,32.46,254.21,24.24,1800.60,20.94,0.50,28.19,76.70,823.906,75.9514,91.4186,2823.26,2.34558,744.706,62.5520,81.0444,5183.74,17.3327,0.90387,0.82358,0.88652,45.01,-20.770,20.770,False,254.217,-0.007
T2,2,10,447.4,8.2,8.0,14.8,20.1,0.17,37.71,37.56,265.72,28.14,1572.50,20.94,0.50,28.19,58.51,789.763,69.7658,86.5738,3090.20,2.49025,674.281,52.9765,74.5935,5643.33,15.9841,0.85378,0.75935,0.86162,45.01,-16.870,16.870,False,265.716,0.004
T2,3,10,447.4,8.2,8.0,14.8,20.1,0.17,43.31,43.15,277.23,31.67,1289.80,20.94,0.50,28.19,39.38,753.684,63.9133,82.0645,3448.23,2.68554,551.440,39.9376,68.8551,6160.09,13.8309,0.73166,0.62487,0.83904,45.01,-13.340,13.340,False,277.213,0.017
T2,4,10,447.4,8.2,8.0,14.8,20.1,0.17,46.63,46.48,288.74,34.80,1268.34,20.94,0.50,28.19,38.08,715.517,58.3592,78.0284,3947.43,2.95237,457.659,32.4095,62.8342,6746.36,14.3043,0.63962,0.55535,0.80527,45.01,-10.210,10.210,False,288.724,0.016
T2,5,10,447.4,8.2,8.0,14.8,20.1,0.17,48.63,48.48,300.25,37.50,1348.76,20.94,0.50,28.19,43.05,675.279,53.1001,74.6652,4645.60,3.30383,411.669,29.3860,57.6881,7414.53,15.8964,0.60963,0.55341,0.77262,45.01,-7.510,7.510,False,300.251,-0.001
T2,6,10,447.4,8.2,8.0,14.8,20.1,0.17,51.24,51.09,311.76,39.77,1308.32,20.94,0.50,28.19,40.51,633.386,48.1802,72.1058,5546.31,3.70598,368.054,26.9142,51.6453,8171.66,15.9671,0.58109,0.55861,0.71624,45.01,-5.240,5.240,False,311.754,0.006
T2,7,10,447.4,8.2,8.0,14.8,20.1,0.17,53.59,53.43,323.27,41.67,1259.16,20.94,0.50,28.19,37.53,590.510,43.6565,70.2525,6584.45,4.09173,340.028,25.5350,47.5319,9018.40,15.7725,0.57582,0.58491,0.67659,45.01,-3.340,3.340,True,323.235,0.035
T2,8,10,447.4,8.2,8.0,14.8,20.1,0.17,55.90,55.75,334.78,43.30,1189.21,20.94,0.50,28.19,33.48,547.231,39.5585,68.6904,7587.02,4.36933,318.748,24.6038,44.4326,9952.66,15.2351,0.58247,0.62196,0.64685,45.01,-1.710,1.710,True,334.800,-0.020
T2,9,10,447.4,8.2,8.0,14.8,20.1,0.17,58.10,57.95,346.28,44.76,1122.24,20.94,0.50,28.19,29.82,505.162,35.9867,66.5533,8070.27,4.36376,302.561,23.9672,42.1545,10940.47,14.8388,0.59894,0.66600,0.63339,45.01,-0.250,0.250,True,346.312,-0.032
T2,10,10,447.4,8.2,8.0,14.8,20.1,0.17,61.08,60.93,357.79,46.19,1004.52,20.94,0.50,28.19,23.90,465.255,32.9501,63.5175,7874.33,4.08486,284.843,23.3474,39.7978,11948.74,13.9171,0.61223,0.70857,0.62656,45.01,1.180,1.180,True,357.782,0.008
T2,11,10,447.4,8.2,8.0,14.8,20.1,0.17,65.34,65.19,369.30,47.72,847.41,20.94,0.50,28.19,17.02,427.751,30.3947,59.6743,7148.10,3.64084,265.073,22.7607,37.4049,12953.30,12.4965,0.61969,0.74884,0.62682,45.01,2.710,2.710,True,369.331,-0.031
T2,12,10,447.4,8.2,8.0,14.8,20.1,0.17,69.55,69.40,380.81,49.45,742.34,20.94,0.50,28.19,13.07,393.534,28.3111,55.2656,6111.04,3.13053,249.713,22.3908,35.7633,13906.63,11.8204,0.63454,0.79089,0.64712,45.01,4.440,4.440,True,380.794,0.016
T2,13,10,447.4,8.2,8.0,14.8,20.1,0.17,75.26,75.10,392.32,51.52,627.74,20.94,0.50,28.19,9.36,362.266,26.6156,50.8014,5080.66,2.66184,233.169,22.0888,34.2481,14792.51,10.8739,0.64364,0.82992,0.67416,45.01,6.510,6.510,False,392.325,-0.005
T2,14,10,447.4,8.2,8.0,14.8,20.1,0.17,80.36,80.21,403.83,54.01,565.15,20.94,0.50,28.19,7.59,334.206,25.2700,46.6771,4203.03,2.27543,221.151,21.9410,33.3342,15580.23,10.6547,0.66172,0.86826,0.71414,45.01,9.000,9.000,False,403.813,0.017
T2,15,10,447.4,8.2,8.0,14.8,20.1,0.17,85.16,85.01,415.34,57.02,529.04,20.94,0.50,28.19,6.66,309.017,24.2133,43.0514,3498.84,1.96785,211.571,21.8723,32.7310,16260.14,10.8139,0.68466,0.90332,0.76028,45.01,12.010,12.010,False,415.328,0.012
T2,16,10,447.4,8.2,8.0,14.8,20.1,0.17,91.30,91.15,426.85,60.61,484.82,20.94,0.50,28.19,5.60,286.562,23.4038,40.0187,2956.49,1.72902,201.099,21.8535,32.2114,16822.57,10.6611,0.70176,0.93376,0.80491,45.01,15.600,15.600,False,426.844,0.006
T2,17,10,447.4,8.2,8.0,14.8,20.1,0.17,97.77,97.62,438.36,64.82,451.38,20.94,0.50,28.19,4.86,266.594,22.8016,37.5786,2546.68,1.54525,191.690,21.8931,31.8808,17266.84,10.5702,0.71903,0.96016,0.84838,45.01,19.810,19.810,False,438.365,-0.005
T2,18,10,447.4,8.2,8.0,14.8,20.1,0.17,103.77,103.61,449.87,69.65,435.85,20.94,0.50,28.19,4.53,248.898,22.3735,35.6822,2239.08,1.40395,184.113,21.9687,31.7174,17597.25,10.7490,0.73971,0.98191,0.88889,45.01,24.640,24.640,False,449.872,-0.002
T2,19,10,447.4,8.2,8.0,14.8,20.1,0.17,111.95,111.80,461.38,75.09,403.32,20.94,0.50,28.19,3.89,233.195,22.0892,34.2503,2006.65,1.29415,175.107,22.1158,31.6546,17823.76,10.3626,0.75091,1.00121,0.92422,45.01,30.080,30.080,False,461.380,0.000
T2,20,10,447.4,8.2,8.0,14.8,20.1,0.17,119.15,119.00,472.89,81.11,390.71,20.94,0.50,28.19,3.65,219.243,21.9236,33.2049,1829.06,1.20765,168.204,22.2757,31.7126,17958.33,10.3546,0.76720,1.01606,0.95506,45.01,36.100,36.100,False,472.894,-0.004
T3,1,10,604.9,8.2,8.0,14.8,19.9,0.23,26.76,26.61,249.84,22.67,3757.84,20.94,0.50,20.85,333.91,836.390,78.3953,93.3283,2740.06,2.30163,803.756,72.2179,88.4924,6790.10,35.4330,0.96098,0.92120,0.94818,45.01,-22.340,22.340,False,249.852,-0.012
T3,2,10,604.9,8.2,8.0,14.8,19.9,0.23,30.48,30.33,258.36,25.68,3188.17,20.94,0.50,20.85,240.36,811.867,73.6908,89.6472,2910.53,2.39248,768.091,66.1741,83.7880,7223.58,31.2959,0.94608,0.89800,0.93464,45.01,-19.330,19.330,False,258.344,0.016
T3,3,10,604.9,8.2,8.0,14.8,19.9,0.23,34.05,33.89,266.87,28.51,2750.21,20.94,0.50,20.85,178.87,786.246,69.1665,86.1063,3121.30,2.50724,727.381,60.0221,79.1974,7696.09,28.1069,0.92513,0.86779,0.91976,45.01,-16.500,16.500,False,266.865,0.005
T3,4,10,604.9,8.2,8.0,14.8,19.9,0.23,36.63,36.47,275.38,31.13,2771.80,20.94,0.50,20.85,181.69,759.607,64.8311,82.7604,3382.95,2.65006,691.649,55.1720,75.9208,8210.75,29.4728,0.91054,0.85101,0.91736,45.01,-13.880,13.880,False,275.368,0.012
T3,5,10,604.9,8.2,8.0,14.8,19.9,0.23,37.92,37.76,283.89,33.54,3502.68,20.94,0.50,20.85,290.11,731.761,60.6501,79.6488,3717.00,2.83038,670.914,52.5623,74.3559,8776.77,38.6994,0.91685,0.86665,0.93355,45.01,-11.470,11.470,False,283.901,-0.011
T3,6,10,604.9,8.2,8.0,14.8,19.9,0.23,39.84,39.69,292.41,35.71,3724.01,20.94,0.50,20.85,327.93,702.882,56.6464,76.8716,4146.93,3.05586,635.022,48.3626,72.1899,9397.10,42.6312,0.90345,0.85376,0.93910,45.01,-9.300,9.300,False,292.405,0.005
T3,7,10,604.9,8.2,8.0,14.8,19.9,0.23,41.31,41.15,300.92,37.64,4217.30,20.94,0.50,20.85,420.55,672.941,52.8113,74.4982,4691.65,3.32588,603.047,44.9294,70.7330,10079.51,49.8163,0.89614,0.85075,0.94946,45.01,-7.370,7.370,False,300.904,0.016
T3,8,10,604.9,8.2,8.0,14.8,19.9,0.23,42.69,42.54,309.43,39.34,4631.60,20.94,0.50,20.85,507.23,642.029,49.1526,72.5636,5348.87,3.62318,568.124,41.4811,69.4611,10829.77,56.1687,0.88489,0.84392,0.95724,45.01,-5.670,5.670,False,309.412,0.018
T3,9,10,604.9,8.2,8.0,14.8,19.9,0.23,43.74,43.59,317.95,40.84,5381.08,20.94,0.50,20.85,684.66,610.226,45.6763,71.0284,6097.22,3.92095,538.997,38.8285,68.3476,11654.00,66.6684,0.88328,0.85008,0.96226,45.01,-4.170,4.170,True,317.975,-0.025
T3,10,10,604.9,8.2,8.0,14.8,19.9,0.23,45.27,45.11,326.46,42.15,4992.58,20.94,0.50,20.85,589.37,578.375,42.4621,69.8186,6885.74,4.18776,495.106,35.1901,65.8838,12536.16,62.9270,0.85603,0.82874,0.94364,45.01,-2.860,2.860,True,326.467,-0.007
T3,11,10,604.9,8.2,8.0,14.8,19.9,0.23,47.12,46.97,334.97,43.32,4057.78,20.94,0.50,20.85,389.34,546.667,39.5080,68.6679,7597.77,4.37137,445.315,31.5560,61.6212,13473.53,52.0017,0.81460,0.79872,0.89738,45.01,-1.690,1.690,True,334.951,0.019
T3,12,10,604.9,8.2,8.0,14.8,19.9,0.23,49.11,48.95,343.48,44.41,3256.21,20.94,0.50,20.85,250.73,515.303,36.8121,67.1634,8018.26,4.39479,402.563,28.8379,56.4923,14460.23,42.6641,0.78122,0.78338,0.84112,45.01,-0.600,0.600,True,343.495,-0.015
T3,13,10,604.9,8.2,8.0,14.8,19.9,0.23,51.16,51.01,352.00,45.46,2669.40,20.94,0.50,20.85,168.52,485.200,34.4261,65.1607,8049.01,4.25251,369.167,26.9724,51.8070,15462.44,36.0505,0.76086,0.78349,0.79507,45.01,0.450,0.450,True,351.963,0.037
T3,14,10,604.9,8.2,8.0,14.8,19.9,0.23,52.46,52.30,360.51,46.54,2568.57,20.94,0.50,20.85,156.03,456.113,32.3009,62.6894,7751.70,3.99409,352.553,26.1305,49.3759,16479.79,36.0562,0.77295,0.80897,0.78763,45.01,1.530,1.530,True,360.518,-0.008
T3,15,10,604.9,8.2,8.0,14.8,19.9,0.23,53.02,52.87,369.02,47.68,2851.67,20.94,0.50,20.85,192.31,428.645,30.4524,59.7794,7171.67,3.65334,346.026,25.8159,48.4148,17480.15,41.9789,0.80725,0.84775,0.80989,45.01,2.670,2.670,True,369.045,-0.025
T3,16,10,604.9,8.2,8.0,14.8,19.9,0.23,53.72,53.57,377.53,48.93,3191.52,20.94,0.50,20.85,240.87,402.938,28.8602,56.5424,6414.97,3.27430,338.588,25.4688,47.3202,18444.53,49.6713,0.84030,0.88249,0.83690,45.01,3.920,3.920,True,377.538,-0.008
T3,17,10,604.9,8.2,8.0,14.8,19.9,0.23,54.83,54.68,386.05,50.35,3417.14,20.94,0.50,20.85,276.12,378.832,27.4887,53.1993,5625.68,2.90686,327.923,24.9925,45.7592,19364.74,56.5248,0.86562,0.90919,0.86015,45.01,5.340,5.340,False,386.071,-0.021
T3,18,10,604.9,8.2,8.0,14.8,19.9,0.23,55.72,55.56,394.56,51.97,4118.35,20.94,0.50,20.85,401.05,356.546,26.3275,49.9629,4895.81,2.57980,320.307,24.6684,44.6565,20218.85,72.5368,0.89836,0.93698,0.89379,45.01,6.960,6.960,False,394.569,-0.009
T3,19,10,604.9,8.2,8.0,14.8,19.9,0.23,57.59,57.44,403.07,53.84,4109.78,20.94,0.50,20.85,399.38,335.874,25.3451,46.9216,4252.81,2.29719,306.037,24.0984,42.6353,21002.54,77.0776,0.91117,0.95081,0.90865,45.01,8.830,8.830,False,403.094,-0.024
T3,20,10,604.9,8.2,8.0,14.8,19.9,0.23,59.83,59.68,411.59,55.98,4005.16,20.94,0.50,20.85,379.31,316.899,24.5278,44.1678,3708.98,2.05971,291.790,23.5804,40.7012,21702.39,79.7988,0.92077,0.96137,0.92151,45.01,10.970,10.970,False,411.583,0.007
T4,1,10,633.7,7.8,7.7,13.7,20.1,0.23,26.13,25.99,249.26,22.45,3855.82,19.31,0.50,20.05,381.14,838.091,78.7365,93.5942,2729.28,2.29601,809.194,73.2011,89.2633,7082.56,36.2536,0.96552,0.92970,0.95373,45.01,-22.560,22.560,False,249.250,0.010
T4,2,10,633.7,7.8,7.7,13.7,20.1,0.23,28.70,28.56,257.44,25.37,4280.00,19.31,0.50,20.05,469.60,814.510,74.1794,90.0303,2890.76,2.38180,785.767,69.0853,86.0430,7517.67,41.8348,0.96471,0.93133,0.95571,45.01,-19.640,19.640,False,257.445,-0.005
T4,3,10,633.7,7.8,7.7,13.7,20.1,0.23,31.53,31.39,265.63,28.11,4166.13,19.31,0.50,20.05,444.95,790.046,69.8143,86.6116,3087.73,2.48890,756.776,64.3904,82.4256,7987.70,42.3291,0.95789,0.92231,0.95167,45.01,-16.900,16.900,False,265.624,0.006
T4,4,10,633.7,7.8,7.7,13.7,20.1,0.23,34.35,34.21,273.81,30.67,3854.50,19.31,0.50,20.05,380.88,764.526,65.6056,83.3518,3330.85,2.62169,723.290,59.4426,78.7853,8500.12,40.6945,0.94606,0.90606,0.94521,45.01,-14.340,14.340,False,273.824,-0.014
T4,5,10,633.7,7.8,7.7,13.7,20.1,0.23,36.58,36.44,282.00,33.02,3997.68,19.31,0.50,20.05,409.70,738.096,61.5722,80.3206,3634.63,2.78624,692.105,55.2310,75.9580,9056.94,43.7990,0.93769,0.89701,0.94569,45.01,-11.990,11.990,False,281.989,0.011
T4,6,10,633.7,7.8,7.7,13.7,20.1,0.23,38.50,38.36,290.18,35.17,4278.85,19.31,0.50,20.05,469.35,710.479,57.6692,77.5561,4024.80,2.99276,660.442,51.2970,73.6565,9669.90,48.5505,0.92957,0.88950,0.94972,45.01,-9.840,9.840,False,290.199,-0.019
T4,7,10,633.7,7.8,7.7,13.7,20.1,0.23,40.10,39.96,298.37,37.09,4756.14,19.31,0.50,20.05,579.89,681.966,53.9356,75.1596,4517.07,3.24152,629.450,47.7442,71.9079,10339.29,55.6869,0.92299,0.88521,0.95674,45.01,-7.920,7.920,False,298.373,-0.003
T4,8,10,633.7,7.8,7.7,13.7,20.1,0.23,41.62,41.48,306.55,38.79,5079.84,19.31,0.50,20.05,661.51,652.573,50.3682,73.1689,5115.37,3.52133,595.164,44.1244,70.4262,11071.58,61.0950,0.91203,0.87604,0.96252,45.01,-6.220,6.220,False,306.535,0.015
T4,9,10,633.7,7.8,7.7,13.7,20.1,0.23,42.70,42.56,314.74,40.30,6027.70,19.31,0.50,20.05,931.39,622.219,46.9547,71.5609,5808.34,3.81115,567.589,41.4306,69.4424,11876.46,74.1240,0.91220,0.88235,0.97040,45.01,-4.710,4.710,True,314.762,-0.022
T4,10,10,633.7,7.8,7.7,13.7,20.1,0.23,44.22,44.08,322.92,41.62,5548.18,19.31,0.50,20.05,789.10,591.743,43.7799,70.2981,6553.72,4.08150,524.879,37.6121,67.6810,12737.71,69.4528,0.88701,0.85912,0.96277,45.01,-3.390,3.390,True,322.906,0.014
T4,11,10,633.7,7.8,7.7,13.7,20.1,0.23,46.08,45.93,331.11,42.80,4361.71,19.31,0.50,20.05,487.71,561.104,40.8237,69.2129,7296.15,4.30348,472.230,33.4569,64.1178,13660.09,55.4565,0.84161,0.81955,0.92639,45.01,-2.210,2.210,True,331.077,0.033
T4,12,10,633.7,7.8,7.7,13.7,20.1,0.23,48.22,48.07,339.29,43.88,3256.07,19.31,0.50,20.05,271.81,530.665,38.1052,67.9674,7858.93,4.40603,420.131,29.9103,58.7552,14634.64,42.1576,0.79171,0.78494,0.86446,45.01,-1.130,1.130,True,339.283,0.007
T4,13,10,633.7,7.8,7.7,13.7,20.1,0.23,49.76,49.61,347.48,44.90,2899.33,19.31,0.50,20.05,215.52,501.126,35.6644,66.2924,8079.09,4.34644,390.781,28.1537,54.8844,15636.22,38.4872,0.77981,0.78941,0.82791,45.01,-0.110,0.110,True,347.442,0.038
T4,14,10,633.7,7.8,7.7,13.7,20.1,0.23,50.75,50.60,355.66,45.92,2916.64,19.31,0.50,20.05,218.10,472.501,33.4769,64.1407,7953.15,4.15097,375.068,27.2853,52.6597,16657.96,40.0158,0.79379,0.81505,0.82100,45.01,0.910,0.910,True,355.645,0.015
T4,15,10,633.7,7.8,7.7,13.7,20.1,0.23,51.49,51.35,363.85,46.97,3119.34,19.31,0.50,20.05,249.46,445.315,31.5560,61.6212,7559.87,3.87138,364.515,26.7308,51.1299,17671.95,44.5467,0.81856,0.84709,0.82975,45.01,1.960,1.960,True,363.811,0.039
T4,16,10,633.7,7.8,7.7,13.7,20.1,0.23,52.57,52.43,372.03,48.10,3156.08,19.31,0.50,20.05,255.37,419.495,29.8704,58.6766,6919.54,3.52252,351.024,26.0560,49.1509,18669.20,47.3332,0.83678,0.87230,0.83766,45.01,3.090,3.090,True,372.004,0.026
T4,17,10,633.7,7.8,7.7,13.7,20.1,0.23,53.46,53.32,380.22,49.36,3448.09,19.31,0.50,20.05,304.81,395.112,28.4019,55.4825,6162.56,3.15466,341.176,25.5882,47.7007,19634.44,54.6897,0.86349,0.90093,0.85974,45.01,4.350,4.350,True,380.241,-0.021
T4,18,10,633.7,7.8,7.7,13.7,20.1,0.23,54.11,53.97,388.40,50.77,4274.51,19.31,0.50,20.05,468.40,372.581,27.1526,52.3013,5418.90,2.81326,334.595,25.2875,46.7342,20537.86,71.9212,0.89805,0.93131,0.89356,45.01,5.760,5.760,False,388.390,0.010
T4,19,10,633.7,7.8,7.7,13.7,20.1,0.23,55.65,55.51,396.59,52.39,4382.56,19.31,0.50,20.05,492.38,351.492,26.0788,49.2198,4734.65,2.50862,320.722,24.6857,44.7163,21383.52,78.3558,0.91246,0.94658,0.90850,45.01,7.380,7.380,False,396.591,-0.001
T4,20,10,633.7,7.8,7.7,13.7,20.1,0.23,57.48,57.34,404.77,54.24,4403.18,19.31,0.50,20.05,497.03,331.998,25.1715,46.3539,4137.69,2.24688,306.737,24.1252,42.7327,22154.29,83.5916,0.92391,0.95843,0.92188,45.01,9.230,9.230,False,404.772,-0.002
T5,1,10,633.7,7.8,7.7,13.7,30.1,0.27,34.58,34.44,278.95,32.17,6021.94,19.31,0.50,18.36,929.61,748.047,63.0545,81.4191,3513.10,2.72070,720.297,59.0226,78.4897,8844.04,65.0868,0.96290,0.93606,0.96402,45.01,-12.840,12.840,False,278.953,-0.003
T5,2,10,633.7,7.8,7.7,13.7,30.1,0.27,36.63,36.49,286.45,34.22,5997.98,19.31,0.50,18.36,922.22,723.161,59.4244,78.7725,3835.44,2.89338,691.344,55.1326,75.8960,9384.30,67.0059,0.95600,0.92778,0.96348,45.01,-10.790,10.790,False,286.468,-0.018
T5,3,10,633.7,7.8,7.7,13.7,30.1,0.27,39.16,39.01,293.94,36.08,4647.87,19.31,0.50,18.36,553.79,697.496,55.9340,76.4066,4237.50,3.10209,648.422,49.8858,72.9243,9969.90,53.5310,0.92964,0.89187,0.95442,45.01,-8.930,8.930,False,293.956,-0.016
T5,4,10,633.7,7.8,7.7,13.7,30.1,0.27,41.73,41.59,301.44,37.75,3558.43,19.31,0.50,18.36,324.62,671.083,52.5831,74.3678,4728.64,3.34347,592.479,43.8539,70.3254,10605.23,42.1072,0.88287,0.83399,0.94564,45.01,-7.260,7.260,False,301.422,0.018
T5,5,10,633.7,7.8,7.7,13.7,30.1,0.27,43.41,43.27,308.93,39.25,3395.10,19.31,0.50,18.36,295.51,643.793,49.3537,72.6612,5309.22,3.60618,548.075,39.6342,68.7240,11299.17,41.1181,0.85132,0.80306,0.94581,45.01,-5.760,5.760,False,308.932,-0.002
T5,6,10,633.7,7.8,7.7,13.7,30.1,0.27,44.91,44.77,316.43,40.58,3261.96,19.31,0.50,18.36,272.79,616.080,46.2955,71.2819,5955.33,3.86782,504.873,35.9636,66.5350,12045.56,40.2700,0.81949,0.77683,0.93341,45.01,-4.430,4.430,True,316.409,0.021
T5,7,10,633.7,7.8,7.7,13.7,30.1,0.27,46.64,46.50,323.92,41.77,2891.11,19.31,0.50,18.36,214.30,588.026,43.4091,70.1618,6646.34,4.11209,457.142,32.3732,62.7860,12846.52,36.2616,0.77742,0.74577,0.89487,45.01,-3.240,3.240,True,323.896,0.024
T5,8,10,633.7,7.8,7.7,13.7,30.1,0.27,47.31,47.17,331.41,42.85,3157.61,19.31,0.50,18.36,255.62,559.738,40.6972,69.1637,7326.75,4.31119,440.469,31.2294,61.1093,13702.58,40.1757,0.78692,0.76736,0.88355,45.01,-2.160,2.160,True,331.443,-0.033
T5,9,10,633.7,7.8,7.7,13.7,30.1,0.27,48.07,47.93,338.91,43.83,3329.71,19.31,0.50,18.36,284.24,532.107,38.2293,68.0358,7839.16,4.40482,423.135,30.0999,59.1225,14587.15,43.0677,0.79521,0.78735,0.86899,45.01,-1.180,1.180,True,338.891,0.019
T5,10,10,633.7,7.8,7.7,13.7,30.1,0.27,49.35,49.21,346.40,44.77,3078.32,19.31,0.50,18.36,242.94,504.873,35.9636,66.5350,8071.12,4.36261,397.786,28.5571,55.8479,15506.14,40.7142,0.78789,0.79406,0.83938,45.01,-0.240,0.240,True,346.392,0.008
T5,11,10,633.7,7.8,7.7,13.7,30.1,0.27,51.11,50.97,353.90,45.70,2593.82,19.31,0.50,18.36,172.50,478.523,33.9228,64.6374,8006.32,4.20185,369.729,27.0019,51.8885,16438.96,35.3133,0.77265,0.79598,0.80276,45.01,0.690,0.690,True,353.890,0.010
T5,12,10,633.7,7.8,7.7,13.7,30.1,0.27,53.02,52.88,361.39,46.65,2194.30,19.31,0.50,18.36,123.46,453.303,32.1048,62.4210,7706.66,3.96374,345.915,25.8107,48.3985,17369.86,30.9348,0.76310,0.80395,0.77536,45.01,1.640,1.640,True,361.368,0.022
T5,13,10,633.7,7.8,7.7,13.7,30.1,0.27,54.82,54.68,368.88,47.66,1944.95,19.31,0.50,18.36,97.01,429.094,30.4814,59.8319,7183.41,3.65959,327.923,24.9925,45.7592,18294.99,28.6061,0.76422,0.81993,0.76480,45.01,2.650,2.650,True,368.901,-0.021
T5,14,10,633.7,7.8,7.7,13.7,30.1,0.27,55.73,55.59,376.38,48.75,1995.51,19.31,0.50,18.36,102.11,406.362,29.0645,56.9967,6523.18,3.32639,320.059,24.6581,44.6209,19186.82,30.8096,0.78762,0.84839,0.78287,45.01,3.740,3.740,True,376.373,0.007
T5,15,10,633.7,7.8,7.7,13.7,30.1,0.27,56.50,56.36,383.87,49.97,2135.22,19.31,0.50,18.36,116.91,384.811,27.8178,54.0484,5823.72,2.99737,313.931,24.4076,43.7450,20046.72,34.7650,0.81581,0.87741,0.80937,45.01,4.960,4.960,True,383.896,-0.026
T5,16,10,633.7,7.8,7.7,13.7,30.1,0.27,57.68,57.54,391.37,51.33,2200.92,19.31,0.50,18.36,124.21,364.783,26.7446,51.1690,5162.69,2.69839,305.344,24.0720,42.5390,20851.17,37.8512,0.83706,0.90007,0.83134,45.01,6.320,6.320,False,391.352,0.018
T5,17,10,633.7,7.8,7.7,13.7,30.1,0.27,58.62,58.48,398.86,52.88,2436.64,19.31,0.50,18.36,152.23,345.915,25.8107,48.3985,4559.56,2.43159,299.102,23.8396,41.6814,21605.65,44.3039,0.86467,0.92364,0.86121,45.01,7.870,7.870,False,398.868,-0.008
T5,18,10,633.7,7.8,7.7,13.7,30.1,0.27,59.52,59.38,406.36,54.63,2872.52,19.31,0.50,18.36,211.55,328.377,25.0123,45.8253,4031.91,2.20069,293.555,23.6416,40.9352,22295.30,55.1621,0.89396,0.94520,0.89329,45.01,9.620,9.620,False,406.365,-0.005
T5,19,10,633.7,7.8,7.7,13.7,30.1,0.27,61.38,61.24,413.85,56.60,2942.35,19.31,0.50,18.36,221.96,312.110,24.3349,43.4870,3580.13,2.00341,283.214,23.2947,39.5902,22915.88,59.5412,0.90742,0.95725,0.91039,45.01,11.590,11.590,False,413.842,0.008
T5,20,10,633.7,7.8,7.7,13.7,30.1,0.27,63.57,63.43,421.34,58.82,2961.23,19.31,0.50,18.36,224.82,296.960,23.7622,41.3914,3197.00,1.83535,272.612,22.9705,38.2835,23468.17,62.9571,0.91801,0.96668,0.92491,45.01,13.810,13.810,False,421.344,-0.004
T6,1,15,658.5,6.5,6.4,9.4,20.1,0.20,26.26,26.16,240.26,21.51,2025.23,13.32,0.50,13.78,217.81,895.846,91.6412,103.7907,2267.67,2.00222,869.824,85.5399,99.1235,6323.36,17.1711,0.97095,0.93342,0.95503,64.33,-42.820,42.820,False,240.249,0.011
T6,2,15,658.5,6.5,6.4,9.4,20.1,0.20,29.51,29.41,245.88,23.97,1731.25,13.32,0.50,13.78,159.17,882.286,88.3840,101.3189,2305.72,2.01136,850.579,81.4040,95.8729,6556.39,15.0367,0.96406,0.92103,0.94625,64.33,-40.360,40.360,False,245.873,0.007
T6,3,15,658.5,6.5,6.4,9.4,20.1,0.20,33.20,33.10,251.51,26.39,1402.79,13.32,0.50,13.78,104.51,868.493,85.2440,98.8932,2347.33,2.02335,827.506,76.8128,92.1910,6797.90,12.4827,0.95281,0.90109,0.93223,64.33,-37.940,37.940,False,251.502,0.008
T6,4,15,658.5,6.5,6.4,9.4,20.1,0.20,35.37,35.28,257.13,28.77,1446.33,13.32,0.50,13.78,111.10,854.444,82.2111,96.5124,2392.68,2.03813,813.192,74.1447,90.0200,7048.68,13.1876,0.95172,0.90188,0.93273,64.33,-35.560,35.560,False,257.142,-0.012
T6,5,15,658.5,6.5,6.4,9.4,20.1,0.20,38.20,38.10,262.76,31.09,1344.14,13.32,0.50,13.78,95.95,840.246,79.3011,94.1956,2441.38,2.05534,793.842,70.7351,87.2176,7307.34,12.5573,0.94477,0.89198,0.92592,64.33,-33.240,33.240,False,262.749,0.011
T6,6,15,658.5,6.5,6.4,9.4,20.1,0.20,40.07,39.97,268.38,33.37,1427.55,13.32,0.50,13.78,108.23,825.762,76.4807,91.9219,2493.76,2.07486,780.452,68.4975,85.3646,7576.81,13.6664,0.94513,0.89562,0.92866,64.33,-30.960,30.960,False,268.374,0.006
T6,7,15,658.5,6.5,6.4,9.4,20.1,0.20,42.00,41.91,274.01,35.61,1494.63,13.32,0.50,13.78,118.64,810.978,73.7433,89.6916,2549.83,2.09644,766.052,66.1938,83.4485,7858.07,14.6644,0.94460,0.89762,0.93039,64.33,-28.720,28.720,False,274.022,-0.012
T6,8,15,658.5,6.5,6.4,9.4,20.1,0.20,43.78,43.68,279.64,37.79,1596.63,13.32,0.50,13.78,135.38,796.018,71.1078,87.5252,2609.16,2.11975,752.436,64.1067,81.7077,8149.32,16.0529,0.94525,0.90154,0.93353,64.33,-26.540,26.540,False,279.644,-0.004
T6,9,15,658.5,6.5,6.4,9.4,20.1,0.20,45.68,45.58,285.26,39.92,1661.56,13.32,0.50,13.78,146.62,780.816,68.5571,85.4140,2672.23,2.14485,737.282,61.8813,79.8489,8452.52,17.1186,0.94425,0.90262,0.93485,64.33,-24.410,24.410,False,285.268,-0.008
T6,10,15,658.5,6.5,6.4,9.4,20.1,0.20,47.80,47.71,290.89,42.00,1649.06,13.32,0.50,13.78,144.42,765.371,66.0874,83.3598,2739.32,2.17172,719.602,59.4055,77.7799,8768.39,17.4085,0.94020,0.89889,0.93306,64.33,-22.330,22.330,False,290.895,-0.005
T6,11,15,658.5,6.5,6.4,9.4,20.1,0.20,50.05,49.95,296.51,44.02,1588.54,13.32,0.50,13.78,134.01,749.766,63.7074,81.3743,2810.17,2.20006,700.196,56.8270,75.6249,9095.97,17.1788,0.93389,0.89200,0.92935,64.33,-20.310,20.310,False,296.499,0.011
T6,12,15,658.5,6.5,6.4,9.4,20.1,0.20,52.18,52.08,302.14,46.00,1548.14,13.32,0.50,13.78,127.28,733.855,61.3914,79.4396,2885.13,2.22964,680.978,54.4064,73.6004,9439.10,17.1497,0.92795,0.88622,0.92650,64.33,-18.330,18.330,False,302.136,0.004
T6,13,15,658.5,6.5,6.4,9.4,20.1,0.20,53.78,53.68,307.76,47.92,1636.53,13.32,0.50,13.78,142.23,717.818,59.1625,77.5769,2962.37,2.25919,666.075,52.6146,72.0994,9794.71,18.5641,0.92792,0.88932,0.92939,64.33,-16.410,16.410,False,307.749,0.011
T6,14,15,658.5,6.5,6.4,9.4,20.1,0.20,55.75,55.65,313.39,49.80,1608.71,13.32,0.50,13.78,137.44,701.521,56.9987,75.7685,3041.02,2.28768,647.227,50.4486,70.2795,10166.54,18.6841,0.92260,0.88508,0.92756,64.33,-14.530,14.530,False,313.392,-0.002
T6,15,15,658.5,6.5,6.4,9.4,20.1,0.20,57.68,57.58,319.02,51.63,1581.46,13.32,0.50,13.78,132.82,685.099,54.9148,74.0258,3118.71,2.31356,628.300,48.3803,68.5310,10552.35,18.8000,0.91709,0.88101,0.92577,64.33,-12.700,12.700,False,319.028,-0.008
T6,16,15,658.5,6.5,6.4,9.4,20.1,0.20,59.78,59.68,324.64,53.41,1501.38,13.32,0.50,13.78,119.71,668.617,52.9151,72.3513,3193.67,2.33573,607.315,46.2051,66.6681,10951.13,18.2611,0.90832,0.87319,0.92145,64.33,-10.920,10.920,False,324.647,-0.007
T6,17,15,658.5,6.5,6.4,9.4,20.1,0.20,61.30,61.21,330.27,55.15,1555.08,13.32,0.50,13.78,128.43,652.059,50.9936,70.7382,3264.89,2.35359,591.873,44.6801,65.3346,11363.78,19.3456,0.90770,0.87619,0.92361,64.33,-9.180,9.180,False,330.266,0.004
T6,18,15,658.5,6.5,6.4,9.4,20.1,0.20,62.42,62.33,335.89,56.86,1721.20,13.32,0.50,13.78,157.33,635.408,49.1449,69.1792,3331.26,2.36653,580.548,43.6009,64.3699,11791.25,21.8947,0.91366,0.88719,0.93048,64.33,-7.470,7.470,False,335.906,-0.016
T6,19,15,658.5,6.5,6.4,9.4,20.1,0.20,64.32,64.22,341.52,58.53,1654.92,13.32,0.50,13.78,145.45,618.848,47.3856,67.6833,3390.11,2.37344,561.520,41.8603,62.7631,12229.04,21.5168,0.90736,0.88340,0.92731,64.33,-5.800,5.800,False,341.520,0.000
T6,20,15,658.5,6.5,6.4,9.4,20.1,0.20,66.52,66.43,347.14,60.18,1506.71,13.32,0.50,13.78,120.57,602.277,45.7007,66.2302,3438.93,2.37296,539.643,39.9680,60.9207,12679.89,20.0196,0.89600,0.87456,0.91983,64.33,-4.150,4.150,True,347.155,-0.015
T7,1,15,658.5,9.1,9.0,18.5,19.8,0.24,31.02,30.83,244.89,23.54,2541.95,26.18,0.50,23.95,174.54,884.689,88.9483,101.7505,2298.77,2.00954,841.863,79.6251,94.4550,6514.79,21.9843,0.95159,0.89518,0.92830,64.33,-40.790,40.790,False,244.883,0.007
T7,2,15,658.5,9.1,9.0,18.5,19.8,0.24,36.45,36.26,254.67,27.73,2170.95,26.18,0.50,23.95,127.32,860.645,83.5301,97.5522,2372.30,2.03131,806.578,72.9547,89.0452,6937.38,19.5837,0.93718,0.87339,0.91280,64.33,-36.600,36.600,False,254.664,0.006
T7,3,15,658.5,9.1,9.0,18.5,19.8,0.24,42.18,41.99,264.45,31.78,1813.38,26.18,0.50,23.95,88.85,835.920,78.4437,93.5071,2456.75,2.06098,765.447,66.0992,83.3697,7387.21,17.0658,0.91569,0.84263,0.89159,64.33,-32.550,32.550,False,264.438,0.012
T7,4,15,658.5,9.1,9.0,18.5,19.8,0.24,46.32,46.12,274.23,35.69,1774.24,26.18,0.50,23.95,85.05,810.439,73.6461,89.6121,2551.92,2.09726,732.870,61.2516,79.3228,7868.44,17.4232,0.90429,0.83170,0.88518,64.33,-28.640,28.640,False,274.226,0.004
T7,5,15,658.5,9.1,9.0,18.5,19.8,0.24,48.92,48.73,284.01,39.45,1993.77,26.18,0.50,23.95,107.39,784.222,69.1180,85.8793,2657.85,2.13911,710.869,58.2278,76.7957,8383.93,20.4300,0.90646,0.84244,0.89423,64.33,-24.880,24.880,False,284.015,-0.005
T7,6,15,658.5,9.1,9.0,18.5,19.8,0.24,52.49,52.30,293.78,43.05,2001.21,26.18,0.50,23.95,108.20,757.336,64.8480,82.3264,2775.43,2.18619,678.952,54.1585,73.3929,8935.97,21.3912,0.89650,0.83516,0.89149,64.33,-21.280,21.280,False,293.790,-0.010
T7,7,15,658.5,9.1,9.0,18.5,19.8,0.24,56.06,55.87,303.56,46.49,1974.41,26.18,0.50,23.95,105.32,729.820,60.8210,78.9629,2904.46,2.23715,645.091,50.2099,70.0784,9527.63,22.0038,0.88390,0.82554,0.88749,64.33,-17.840,17.840,False,303.555,0.005
T7,8,15,658.5,9.1,9.0,18.5,19.8,0.24,58.90,58.71,313.34,49.78,2074.34,26.18,0.50,23.95,116.25,701.698,57.0216,75.7876,3040.17,2.28739,617.049,47.1990,67.5236,10162.46,24.0860,0.87937,0.82774,0.89096,64.33,-14.550,14.550,False,313.331,0.009
T7,9,15,658.5,9.1,9.0,18.5,19.8,0.24,61.96,61.77,323.12,52.93,2094.05,26.18,0.50,23.95,118.47,673.109,53.4513,72.8007,3173.60,2.33010,586.210,44.1363,64.8510,10841.28,25.3125,0.87090,0.82573,0.89080,64.33,-11.400,11.400,False,323.118,0.002
T7,10,15,658.5,9.1,9.0,18.5,19.8,0.24,65.38,65.19,332.90,55.95,2004.50,26.18,0.50,23.95,108.55,644.313,50.1233,70.0054,3296.52,2.36028,551.852,41.0099,61.9493,11561.09,25.1975,0.85650,0.81818,0.88492,64.33,-8.380,8.380,False,332.891,0.009
T7,11,15,658.5,9.1,9.0,18.5,19.8,0.24,68.53,68.34,342.68,58.87,1956.25,26.18,0.50,23.95,103.39,615.447,47.0337,67.3819,3401.06,2.37400,521.282,38.4672,59.3657,12320.52,25.5484,0.84700,0.81786,0.88103,64.33,-5.460,5.460,False,342.674,0.006
T7,12,15,658.5,9.1,9.0,18.5,19.8,0.24,71.65,71.46,352.46,61.71,1899.29,26.18,0.50,23.95,97.46,586.816,44.1942,64.9027,3472.38,2.36444,492.820,36.2941,56.9188,13112.13,25.7520,0.83982,0.82124,0.87699,64.33,-2.620,2.620,True,352.444,0.016
T7,13,15,658.5,9.1,9.0,18.5,19.8,0.24,75.34,75.15,362.24,64.52,1740.82,26.18,0.50,23.95,81.88,558.521,41.5941,62.5106,3495.62,2.32595,462.153,34.1574,54.2172,13931.80,24.5066,0.82746,0.82121,0.86733,64.33,0.190,0.190,True,362.246,-0.006
T7,14,15,658.5,9.1,9.0,18.5,19.8,0.24,79.14,78.95,372.02,67.32,1592.17,26.18,0.50,23.95,68.50,531.012,39.2528,60.1914,3465.03,2.25966,434.230,32.3953,51.7057,14762.79,23.2776,0.81774,0.82530,0.85902,64.33,2.990,2.990,True,372.004,0.016
T7,15,15,658.5,9.1,9.0,18.5,19.8,0.24,81.62,81.43,381.79,70.18,1645.16,26.18,0.50,23.95,73.14,504.239,37.1438,57.9070,3383.14,2.17008,417.942,31.4487,50.2292,15600.97,25.0011,0.82886,0.84667,0.86741,64.33,5.850,5.850,False,381.808,-0.018
T7,16,15,658.5,9.1,9.0,18.5,19.8,0.24,86.23,86.04,391.57,73.12,1433.26,26.18,0.50,23.95,55.52,478.597,35.2769,55.6744,3258.65,2.06477,391.313,30.0326,47.8241,16426.61,22.6544,0.81763,0.85134,0.85900,64.33,8.790,8.790,False,391.579,-0.009
T7,17,15,658.5,9.1,9.0,18.5,19.8,0.24,89.48,89.29,401.35,76.19,1413.06,26.18,0.50,23.95,53.96,454.142,33.6340,53.5007,3103.65,1.95116,375.023,29.2492,46.3772,17228.99,23.2426,0.82578,0.86963,0.86685,64.33,11.860,11.860,False,401.349,0.001
T7,18,15,658.5,9.1,9.0,18.5,19.8,0.24,92.98,92.79,411.13,79.43,1386.25,26.18,0.50,23.95,51.94,430.962,32.2005,51.4097,2931.70,1.83627,359.414,28.5600,45.0250,17995.98,23.7290,0.83398,0.88694,0.87581,64.33,15.100,15.100,False,411.127,0.003
T7,19,15,658.5,9.1,9.0,18.5,19.8,0.24,96.40,96.21,420.91,82.87,1388.21,26.18,0.50,23.95,52.08,409.139,30.9623,49.4313,2754.66,1.72543,345.813,28.0107,43.8865,18715.68,24.7136,0.84522,0.90467,0.88783,64.33,18.540,18.540,False,420.904,0.006
T7,20,15,658.5,9.1,9.0,18.5,19.8,0.24,99.71,99.52,430.69,86.54,1426.65,26.18,0.50,23.95,55.01,388.683,29.9017,47.5887,2581.04,1.62176,333.970,27.5730,42.9350,19379.47,26.3813,0.85924,0.92212,0.90221,64.33,22.210,22.210,False,430.690,0.000
T8,1,15,823.9,9.1,9.0,18.7,19.9,0.32,27.32,27.13,241.42,22.03,3671.36,26.47,0.50,19.36,252.07,893.016,90.9468,103.2677,2275.38,2.00390,864.178,84.2954,98.1525,7972.05,31.2857,0.96771,0.92687,0.95047,64.33,-42.300,42.300,False,241.430,-0.010
T8,2,15,823.9,9.1,9.0,18.7,19.9,0.32,32.69,32.50,249.32,25.46,2658.35,26.47,0.50,19.36,132.18,873.849,86.4436,99.8248,2330.82,2.01838,831.354,77.5526,92.7891,8387.34,23.4345,0.95137,0.89715,0.92952,64.33,-38.870,38.870,False,249.327,-0.007
T8,3,15,823.9,9.1,9.0,18.7,19.9,0.32,36.59,36.39,257.23,28.81,2466.60,26.47,0.50,19.36,113.81,854.204,82.1605,96.4725,2393.48,2.03840,805.692,72.7973,88.9160,8824.58,22.4998,0.94321,0.88604,0.92167,64.33,-35.520,35.520,False,257.238,-0.008
T8,4,15,823.9,9.1,9.0,18.7,19.9,0.32,39.64,39.45,265.13,32.06,2534.97,26.47,0.50,19.36,120.20,834.151,78.0967,93.2279,2463.11,2.06334,784.222,69.1180,85.8793,9283.77,23.9282,0.94014,0.88503,0.92118,64.33,-32.270,32.270,False,265.127,0.003
T8,5,15,823.9,9.1,9.0,18.7,19.9,0.32,41.64,41.45,273.03,35.22,3007.23,26.47,0.50,19.36,169.14,813.593,74.2177,90.0797,2539.73,2.09251,769.515,66.7385,83.9022,9768.99,29.3780,0.94582,0.89923,0.93142,64.33,-29.110,29.110,False,273.029,0.001
T8,6,15,823.9,9.1,9.0,18.7,19.9,0.32,44.37,44.18,280.93,38.28,3174.99,26.47,0.50,19.36,188.54,792.573,70.5190,87.0390,2623.20,2.12532,748.503,63.5196,81.2175,10281.38,32.1005,0.94440,0.90074,0.93312,64.33,-26.050,26.050,False,280.926,0.004
T8,7,15,823.9,9.1,9.0,18.7,19.9,0.32,47.21,47.02,288.84,41.25,3242.94,26.47,0.50,19.36,196.69,771.011,66.9756,84.0995,2714.46,2.16176,725.411,60.2052,78.4483,10825.31,33.9334,0.94086,0.89891,0.93280,64.33,-23.080,23.080,False,288.850,-0.010
T8,8,15,823.9,9.1,9.0,18.7,19.9,0.32,49.41,49.22,296.74,44.11,3660.07,26.47,0.50,19.36,250.53,749.056,63.6017,81.2861,2813.47,2.20138,706.612,57.6641,76.3246,11399.57,39.6238,0.94334,0.90664,0.93896,64.33,-20.220,20.220,False,296.752,-0.012
T8,9,15,823.9,9.1,9.0,18.7,19.9,0.32,52.07,51.87,304.64,46.86,3736.54,26.47,0.50,19.36,261.10,726.747,60.3909,78.6035,2919.24,2.24284,682.905,54.6434,73.7988,12005.64,41.8322,0.93967,0.90483,0.93887,64.33,-17.470,17.470,False,304.632,0.008
T8,10,15,823.9,9.1,9.0,18.7,19.9,0.32,54.70,54.50,312.54,49.52,3757.04,26.47,0.50,19.36,263.98,703.986,57.3197,76.0367,3029.18,2.28352,658.293,51.7071,71.3378,12648.92,43.4815,0.93509,0.90208,0.93820,64.33,-14.810,14.810,False,312.542,-0.002
T8,11,15,823.9,9.1,9.0,18.7,19.9,0.32,57.43,57.24,320.45,52.08,3629.66,26.47,0.50,19.36,246.39,680.978,54.4064,73.6004,3137.78,2.31949,631.663,48.7403,68.8365,13326.22,43.3979,0.92758,0.89586,0.93527,64.33,-12.250,12.250,False,320.436,0.014
T8,12,15,823.9,9.1,9.0,18.7,19.9,0.32,59.62,59.42,328.35,54.56,3849.64,26.47,0.50,19.36,277.15,657.720,51.6410,71.2823,3241.06,2.34801,609.930,46.4696,66.8966,14039.86,47.5249,0.92734,0.89986,0.93847,64.33,-9.770,9.770,False,328.347,0.003
T8,13,15,823.9,9.1,9.0,18.7,19.9,0.32,62.19,61.99,336.25,56.96,3721.35,26.47,0.50,19.36,258.99,634.424,49.0382,69.0889,3334.98,2.36712,583.985,43.9250,64.6617,14785.05,47.3996,0.92050,0.89573,0.93592,64.33,-7.370,7.370,False,336.240,0.010
T8,14,15,823.9,9.1,9.0,18.7,19.9,0.32,65.20,65.01,344.15,59.30,3283.29,26.47,0.50,19.36,201.62,611.135,46.5921,67.0023,3414.30,2.37424,553.639,41.1654,62.0997,15561.26,43.1224,0.90592,0.88353,0.92683,64.33,-5.030,5.030,False,344.140,0.010
T8,15,15,823.9,9.1,9.0,18.7,19.9,0.32,67.28,67.09,352.05,61.60,3411.55,26.47,0.50,19.36,217.67,587.929,44.3005,64.9976,3470.42,2.36534,533.231,39.4350,60.3791,16366.21,46.1889,0.90697,0.89017,0.92894,64.33,-2.730,2.730,True,352.062,-0.012
T8,16,15,823.9,9.1,9.0,18.7,19.9,0.32,69.82,69.63,359.96,63.87,3248.56,26.47,0.50,19.36,197.37,565.029,42.1745,63.0586,3495.01,2.33751,509.260,37.5268,58.3385,17191.23,45.3345,0.90130,0.88980,0.92515,64.33,-0.460,0.460,True,359.974,-0.014
T8,17,15,823.9,9.1,9.0,18.7,19.9,0.32,71.31,71.12,367.86,66.13,3749.74,26.47,0.50,19.36,262.96,542.579,40.2153,61.1683,3484.50,2.29090,495.816,36.5142,57.1790,18028.76,53.9458,0.91381,0.90797,0.93478,64.33,1.800,1.800,True,367.868,-0.008
T8,18,15,823.9,9.1,9.0,18.7,19.9,0.32,73.69,73.49,375.76,68.41,3683.08,26.47,0.50,19.36,253.69,520.622,38.4147,59.3094,3439.32,2.22765,475.521,35.0629,55.4033,18873.83,54.6475,0.91337,0.91275,0.93414,64.33,4.080,4.080,True,375.767,-0.007
T8,19,15,823.9,9.1,9.0,18.7,19.9,0.32,76.05,75.86,383.66,70.73,3650.32,26.47,0.50,19.36,249.20,499.286,36.7716,57.4795,3362.47,2.15109,456.654,33.7966,53.7257,19717.15,55.8857,0.91461,0.91909,0.93469,64.33,6.400,6.400,False,383.663,-0.003
T8,20,15,823.9,9.1,9.0,18.7,19.9,0.32,78.46,78.26,391.57,73.12,3636.45,26.47,0.50,19.36,247.31,478.597,35.2769,55.6744,3258.65,2.06477,439.027,32.6856,52.1396,20552.59,57.4784,0.91732,0.92654,0.93651,64.33,8.790,8.790,False,391.579,-0.009
T9,1,15,821.6,8.4,8.5,16.3,20.0,0.31,26.51,26.34,241.15,21.91,3674.49,23.04,0.50,16.64,290.17,893.671,91.1067,103.3883,2273.58,2.00350,868.782,85.3083,98.9433,7935.83,31.2758,0.97215,0.93636,0.95701,64.33,-42.420,42.420,False,241.157,-0.007
T9,2,15,821.6,8.4,8.5,16.3,20.0,0.31,29.57,29.40,247.94,24.87,3593.48,23.04,0.50,16.64,277.52,877.211,87.2091,100.4161,2320.69,2.01546,850.640,81.4166,95.8829,8290.51,31.4916,0.96971,0.93358,0.95486,64.33,-39.460,39.460,False,247.955,-0.015
T9,3,15,821.6,8.4,8.5,16.3,20.0,0.31,33.45,33.28,254.74,27.76,2952.81,23.04,0.50,16.64,187.40,860.467,83.4919,97.5222,2372.88,2.03150,826.344,76.5913,92.0116,8659.62,26.6449,0.96034,0.91735,0.94349,64.33,-36.570,36.570,False,254.735,0.005
T9,4,15,821.6,8.4,8.5,16.3,20.0,0.31,36.79,36.62,261.53,30.59,2701.08,23.04,0.50,16.64,156.82,843.350,79.9247,94.6946,2430.50,2.05140,804.119,72.5190,88.6873,9046.12,25.1012,0.95348,0.90734,0.93656,64.33,-33.740,33.740,False,261.531,-0.001
T9,5,15,821.6,8.4,8.5,16.3,20.0,0.31,39.34,39.17,268.32,33.35,2798.34,23.04,0.50,16.64,168.31,825.892,76.5053,91.9419,2493.28,2.07467,786.237,69.4526,86.1567,9450.43,26.7837,0.95199,0.90781,0.93708,64.33,-30.980,30.980,False,268.324,-0.004
T9,6,15,821.6,8.4,8.5,16.3,20.0,0.31,41.82,41.65,275.11,36.04,2902.97,23.04,0.50,16.64,181.13,808.073,73.2213,89.2640,2561.15,2.10086,768.013,66.5016,83.7049,9874.28,28.6186,0.95043,0.90823,0.93772,64.33,-28.290,28.290,False,275.121,-0.011
T9,7,15,821.6,8.4,8.5,16.3,20.0,0.31,44.21,44.04,281.91,38.65,3025.55,23.04,0.50,16.64,196.74,789.952,70.0752,86.6720,2633.98,2.12960,749.608,63.6839,81.3547,10317.61,30.7191,0.94893,0.90879,0.93865,64.33,-25.680,25.680,False,281.899,0.011
T9,8,15,821.6,8.4,8.5,16.3,20.0,0.31,46.80,46.63,288.70,41.19,2994.16,23.04,0.50,16.64,192.68,771.459,67.0468,84.1588,2712.51,2.16097,728.660,60.6582,78.8268,10783.63,31.3082,0.94452,0.90471,0.93664,64.33,-23.140,23.140,False,288.687,0.013
T9,9,15,821.6,8.4,8.5,16.3,20.0,0.31,48.68,48.51,295.49,43.66,3360.89,23.04,0.50,16.64,242.76,752.592,64.1302,81.7274,2797.12,2.19486,712.767,58.4813,77.0076,11274.06,36.1884,0.94708,0.91191,0.94225,64.33,-20.670,20.670,False,295.490,0.000
T9,10,15,821.6,8.4,8.5,16.3,20.0,0.31,51.06,50.89,302.28,46.05,3366.54,23.04,0.50,16.64,243.58,733.445,61.3332,79.3909,2887.09,2.23041,691.805,55.7544,74.7282,11788.20,37.3160,0.94323,0.90904,0.94127,64.33,-18.280,18.280,False,302.281,-0.001
T9,11,15,821.6,8.4,8.5,16.3,20.0,0.31,53.53,53.36,309.08,48.37,3259.57,23.04,0.50,16.64,228.35,713.971,58.6428,77.1426,2980.99,2.26611,669.086,52.9708,72.3981,12329.02,37.1834,0.93713,0.90328,0.93850,64.33,-15.960,15.960,False,309.087,-0.007
T9,12,15,821.6,8.4,8.5,16.3,20.0,0.31,55.41,55.24,315.87,50.61,3514.22,23.04,0.50,16.64,265.42,694.319,56.0733,74.9948,3075.37,2.29944,651.192,50.8952,70.6555,12893.99,41.2364,0.93789,0.90766,0.94214,64.33,-13.720,13.720,False,315.869,0.001
T9,13,15,821.6,8.4,8.5,16.3,20.0,0.31,57.92,57.75,322.66,52.79,3283.13,23.04,0.50,16.64,231.66,674.412,53.6081,72.9320,3167.72,2.32841,626.615,48.2011,68.3787,13486.91,39.6143,0.92913,0.89914,0.93757,64.33,-11.540,11.540,False,322.675,-0.015
T9,14,15,821.6,8.4,8.5,16.3,20.0,0.31,60.10,59.93,329.45,54.90,3237.14,23.04,0.50,16.64,225.22,654.464,51.2673,70.9684,3254.84,2.35129,604.798,45.9522,66.4489,14102.70,40.1402,0.92411,0.89632,0.93632,64.33,-9.430,9.430,False,329.451,-0.001
T9,15,15,821.6,8.4,8.5,16.3,20.0,0.31,61.62,61.45,336.24,56.96,3630.76,23.04,0.50,16.64,283.31,634.424,49.0382,69.0889,3334.98,2.36712,589.446,44.4461,65.1271,14743.77,46.2458,0.92910,0.90636,0.94266,64.33,-7.370,7.370,False,336.240,0.000
T9,16,15,821.6,8.4,8.5,16.3,20.0,0.31,63.80,63.63,343.04,58.98,3497.51,23.04,0.50,16.64,262.90,614.345,46.9204,67.2847,3404.52,2.37411,567.439,42.3922,63.2618,15409.25,45.7431,0.92365,0.90349,0.94021,64.33,-5.350,5.350,False,343.049,-0.009
T9,17,15,821.6,8.4,8.5,16.3,20.0,0.31,65.65,65.48,349.83,60.96,3601.34,23.04,0.50,16.64,278.74,594.401,44.9254,65.5512,3457.60,2.36967,548.980,40.7616,61.7075,16093.51,48.3466,0.92359,0.90732,0.94136,64.33,-3.370,3.370,True,349.845,-0.015
T9,18,15,821.6,8.4,8.5,16.3,20.0,0.31,67.89,67.72,356.62,62.91,3383.88,23.04,0.50,16.64,246.10,574.691,43.0555,63.8740,3488.78,2.35168,527.175,38.9403,59.8662,16792.45,46.6202,0.91732,0.90442,0.93726,64.33,-1.420,1.420,True,356.622,-0.002
T9,19,15,821.6,8.4,8.5,16.3,20.0,0.31,69.92,69.75,363.41,64.85,3325.21,23.04,0.50,16.64,237.64,555.230,41.3045,62.2337,3494.80,2.31950,508.159,37.4423,58.2440,17504.34,47.0193,0.91522,0.90649,0.93589,64.33,0.520,0.520,True,363.400,0.010
T9,20,15,821.6,8.4,8.5,16.3,20.0,0.31,72.07,71.90,370.21,66.80,3194.81,23.04,0.50,16.64,219.37,536.040,39.6673,60.6166,3474.68,2.27382,488.984,36.0153,56.5847,18226.79,46.3806,0.91221,0.90793,0.93349,64.33,2.470,2.470,True,370.199,0.011
T10,1,15,821.6,8.4,8.5,16.3,29.9,0.33,36.04,35.87,266.48,32.61,4999.58,23.04,0.50,16.10,537.14,830.651,77.4168,92.6794,2475.79,2.06807,809.224,73.4276,89.4330,9339.16,47.4715,0.97420,0.94847,0.96497,64.33,-31.720,31.720,False,266.485,-0.005
T10,2,15,821.6,8.4,8.5,16.3,29.9,0.33,38.77,38.60,273.06,35.23,4837.76,23.04,0.50,16.10,502.94,813.526,74.2055,90.0697,2539.99,2.09261,790.307,70.1351,86.7216,9743.32,47.2659,0.97146,0.94515,0.96283,64.33,-29.100,29.100,False,273.055,0.005
T10,3,15,821.6,8.4,8.5,16.3,29.9,0.33,42.27,42.10,279.63,37.79,3775.89,23.04,0.50,16.10,306.40,796.018,71.1078,87.5252,2609.16,2.11975,764.613,65.9691,83.2613,10167.78,37.9637,0.96055,0.92773,0.95128,64.33,-26.540,26.540,False,279.644,-0.014
T10,4,15,821.6,8.4,8.5,16.3,29.9,0.33,45.55,45.38,286.21,40.27,3187.16,23.04,0.50,16.10,218.32,778.259,68.1401,85.0678,2683.12,2.14920,738.905,62.1148,80.0440,10610.61,32.9702,0.94943,0.91157,0.94094,64.33,-24.060,24.060,False,286.205,0.005
T10,5,15,821.6,8.4,8.5,16.3,29.9,0.33,47.56,47.39,292.78,42.69,3460.24,23.04,0.50,16.10,257.32,760.110,65.2724,82.6804,2762.87,2.18116,722.306,59.7760,78.0896,11076.78,36.8287,0.95027,0.91579,0.94448,64.33,-21.640,21.640,False,292.793,-0.013
T10,6,15,821.6,8.4,8.5,16.3,29.9,0.33,49.87,49.70,299.36,45.03,3491.13,23.04,0.50,16.10,261.94,741.728,62.5239,80.3858,2847.75,2.21497,702.403,57.1133,75.8642,11563.71,38.2181,0.94698,0.91346,0.94375,64.33,-19.300,19.300,False,299.356,0.004
T10,7,15,821.6,8.4,8.5,16.3,29.9,0.33,52.49,52.32,305.93,47.30,3248.20,23.04,0.50,16.10,226.76,723.063,59.8804,78.1768,2937.01,2.24963,678.767,54.1360,73.3741,12074.21,36.5635,0.93874,0.90407,0.93857,64.33,-17.030,17.030,False,305.921,0.009
T10,8,15,821.6,8.4,8.5,16.3,29.9,0.33,54.63,54.46,312.51,49.51,3286.55,23.04,0.50,16.10,232.14,704.074,57.3311,76.0463,3028.76,2.28337,658.675,51.7511,71.3748,12611.09,38.0316,0.93552,0.90267,0.93857,64.33,-14.820,14.820,False,312.512,-0.002
T10,9,15,821.6,8.4,8.5,16.3,29.9,0.33,56.76,56.59,319.08,51.65,3295.14,23.04,0.50,16.10,233.36,684.916,54.8922,74.0069,3119.56,2.31383,638.060,49.4339,69.4235,13171.43,39.1818,0.93159,0.90056,0.93807,64.33,-12.680,12.680,False,319.091,-0.011
T10,10,15,821.6,8.4,8.5,16.3,29.9,0.33,58.92,58.75,325.66,53.73,3241.25,23.04,0.50,16.10,225.79,665.604,52.5590,72.0528,3206.96,2.33932,616.649,47.1576,67.4882,13756.12,39.5863,0.92645,0.89723,0.93665,64.33,-10.600,10.600,False,325.671,-0.011
T10,11,15,821.6,8.4,8.5,16.3,29.9,0.33,61.21,61.04,332.23,55.75,3077.40,23.04,0.50,16.10,203.55,646.257,50.3400,70.1881,3288.70,2.35871,593.592,44.8468,65.4818,14362.49,38.5836,0.91851,0.89088,0.93295,64.33,-8.580,8.580,False,332.232,-0.002
T10,12,15,821.6,8.4,8.5,16.3,29.9,0.33,63.05,62.88,338.81,57.73,3160.13,23.04,0.50,16.10,214.63,626.813,48.2221,68.3966,3362.86,2.37094,574.993,43.0835,63.8995,14993.28,40.6586,0.91733,0.89344,0.93425,64.33,-6.600,6.600,False,338.818,-0.008
T10,13,15,821.6,8.4,8.5,16.3,29.9,0.33,65.25,65.08,345.38,59.66,3005.35,23.04,0.50,16.10,194.13,607.516,46.2254,66.6856,3424.79,2.37401,552.943,41.1048,62.0412,15640.93,39.6593,0.91017,0.88923,0.93035,64.33,-4.670,4.670,True,345.371,0.009
T10,14,15,821.6,8.4,8.5,16.3,29.9,0.33,67.11,66.94,351.96,61.57,3031.58,23.04,0.50,16.10,197.53,588.232,44.3296,65.0235,3469.87,2.36558,534.682,39.5548,60.5018,16309.83,41.0281,0.90896,0.89229,0.93046,64.33,-2.760,2.760,True,351.958,0.002
T10,15,15,821.6,8.4,8.5,16.3,29.9,0.33,69.03,68.86,358.53,63.46,3012.53,23.04,0.50,16.10,195.06,569.149,42.5474,63.4060,3493.12,2.34399,516.396,38.0810,58.9492,16993.00,41.8103,0.90731,0.89502,0.92971,64.33,-0.870,0.870,True,358.542,-0.012
T10,16,15,821.6,8.4,8.5,16.3,29.9,0.33,71.46,71.29,365.11,65.34,2735.80,23.04,0.50,16.10,160.87,550.365,40.8811,61.8242,3492.19,2.30920,494.315,36.4037,57.0487,17685.63,38.9411,0.89816,0.89048,0.92276,64.33,1.010,1.010,True,365.112,-0.002
T10,17,15,821.6,8.4,8.5,16.3,29.9,0.33,73.53,73.36,371.68,67.23,2655.37,23.04,0.50,16.10,151.56,531.879,39.3238,60.2648,3466.83,2.26217,476.597,35.1376,55.4983,18386.00,38.7743,0.89606,0.89354,0.92091,64.33,2.900,2.900,True,371.692,-0.012
T10,18,15,821.6,8.4,8.5,16.3,29.9,0.33,75.09,74.92,378.26,69.14,2814.03,23.04,0.50,16.10,170.21,513.787,37.8770,58.7263,3418.19,2.20465,463.962,34.2777,54.3784,19088.31,42.1676,0.90303,0.90497,0.92596,64.33,4.810,4.810,True,378.270,-0.010
T10,19,15,821.6,8.4,8.5,16.3,29.9,0.33,77.61,77.45,384.83,71.08,2557.96,23.04,0.50,16.10,140.65,496.170,36.5404,57.2097,3348.61,2.13879,444.811,33.0425,52.6617,19786.56,39.3466,0.89649,0.90427,0.92050,64.33,6.750,6.750,False,384.837,-0.007
T10,20,15,821.6,8.4,8.5,16.3,29.9,0.33,79.19,79.02,391.40,73.07,2734.29,23.04,0.50,16.10,160.70,479.015,35.3062,55.7112,3261.01,2.06662,433.750,32.3665,51.6622,20478.22,43.1901,0.90550,0.91674,0.92732,64.33,8.740,8.740,False,391.416,-0.016
T11,1,20,804.4,6.7,6.6,10.0,20.2,0.26,27.01,26.90,239.82,22.85,2466.35,14.14,0.50,10.92,213.03,924.151,98.9492,109.6152,2095.39,1.89150,905.331,93.9888,105.9498,7153.89,19.8001,0.97964,0.94987,0.96656,75.85,-53.000,53.000,False,239.815,0.005
T11,2,20,804.4,6.7,6.6,10.0,20.2,0.26,29.53,29.42,244.28,24.97,2244.25,14.14,0.50,10.92,176.39,914.376,96.3232,107.6896,2111.56,1.88869,893.302,91.0172,103.6973,7348.92,18.3392,0.97695,0.94491,0.96293,75.85,-50.880,50.880,False,244.274,0.006
T11,3,20,804.4,6.7,6.6,10.0,20.2,0.26,33.08,32.98,248.74,27.07,1693.54,14.14,0.50,10.92,100.46,904.528,93.7857,105.7971,2128.55,1.88689,875.863,86.9572,100.5528,7547.76,14.0865,0.96831,0.92719,0.95043,75.85,-48.780,48.780,False,248.726,0.014
T11,4,20,804.4,6.7,6.6,10.0,20.2,0.26,35.31,35.20,253.19,29.16,1654.38,14.14,0.50,10.92,95.87,894.555,91.3199,103.9287,2146.45,1.88603,864.708,84.5021,98.6146,7751.56,14.0082,0.96663,0.92534,0.94887,75.85,-46.690,46.690,False,253.194,-0.004
T11,5,20,804.4,6.7,6.6,10.0,20.2,0.26,37.89,37.79,257.65,31.23,1523.00,14.14,0.50,10.92,81.25,884.503,88.9335,102.0930,2165.14,1.88605,851.410,81.7076,96.3759,7959.57,13.1276,0.96259,0.91875,0.94400,75.85,-44.620,44.620,False,257.656,-0.006
T11,6,20,804.4,6.7,6.6,10.0,20.2,0.26,40.03,39.92,262.11,33.28,1504.01,14.14,0.50,10.92,79.24,874.368,86.6221,100.2899,2184.56,1.88684,840.236,79.4631,94.5537,8171.95,13.1970,0.96096,0.91735,0.94280,75.85,-42.570,42.570,False,262.114,-0.004
T11,7,20,804.4,6.7,6.6,10.0,20.2,0.26,42.59,42.48,266.57,35.31,1393.40,14.14,0.50,10.92,68.02,864.150,84.3819,98.5190,2204.63,1.88828,826.514,76.8271,92.3872,8388.91,12.4462,0.95645,0.91047,0.93776,75.85,-40.540,40.540,False,266.569,0.001
T11,8,20,804.4,6.7,6.6,10.0,20.2,0.26,44.27,44.17,271.03,37.32,1459.95,14.14,0.50,10.92,74.67,853.847,82.2092,96.7803,2225.27,1.89024,817.277,75.1226,90.9718,8610.61,13.2750,0.95717,0.91380,0.93998,75.85,-38.530,38.530,False,271.021,0.009
T11,9,20,804.4,6.7,6.6,10.0,20.2,0.26,45.91,45.80,275.49,39.32,1541.52,14.14,0.50,10.92,83.24,843.406,80.0906,95.0652,2246.49,1.89263,808.230,73.5047,89.6184,8838.39,14.2695,0.95829,0.91777,0.94270,75.85,-36.530,36.530,False,275.493,-0.003
T11,10,20,804.4,6.7,6.6,10.0,20.2,0.26,47.94,47.83,279.95,41.29,1527.91,14.14,0.50,10.92,81.78,832.933,78.0443,93.3910,2268.05,1.89535,796.774,71.5249,87.9497,9070.13,14.3971,0.95659,0.91647,0.94174,75.85,-34.560,34.560,False,279.939,0.011
T11,11,20,804.4,6.7,6.6,10.0,20.2,0.26,50.57,50.47,284.40,43.25,1383.95,14.14,0.50,10.92,67.10,822.323,76.0471,91.7408,2290.13,1.89837,781.556,69.0074,85.8092,9308.34,13.2752,0.95042,0.90743,0.93534,75.85,-32.600,32.600,False,284.406,-0.006
T11,12,20,804.4,6.7,6.6,10.0,20.2,0.26,52.77,52.67,288.86,45.19,1336.49,14.14,0.50,10.92,62.58,811.632,74.1072,90.1235,2312.64,1.90165,768.600,66.9582,84.0526,9552.00,13.0500,0.94698,0.90353,0.93264,75.85,-30.660,30.660,False,288.871,-0.011
T11,13,20,804.4,6.7,6.6,10.0,20.2,0.26,54.22,54.11,293.32,47.10,1426.42,14.14,0.50,10.92,71.28,800.918,72.2324,88.5476,2335.47,1.90515,759.984,65.6408,82.9168,9799.92,14.1760,0.94889,0.90874,0.93641,75.85,-28.750,28.750,False,293.310,0.010
T11,14,20,804.4,6.7,6.6,10.0,20.2,0.26,56.22,56.11,297.78,49.00,1405.71,14.14,0.50,10.92,69.22,790.074,70.4013,86.9969,2358.86,1.90888,747.844,63.8424,81.3584,10054.81,14.2192,0.94655,0.90684,0.93519,75.85,-26.850,26.850,False,297.769,0.011
T11,15,20,804.4,6.7,6.6,10.0,20.2,0.26,58.12,58.02,302.24,50.89,1400.90,14.14,0.50,10.92,68.75,779.102,68.6128,85.4719,2382.78,1.91279,736.068,62.1597,79.8919,10316.91,14.4234,0.94476,0.90595,0.93471,75.85,-24.960,24.960,False,302.250,-0.010
T11,16,20,804.4,6.7,6.6,10.0,20.2,0.26,60.10,59.99,306.70,52.75,1379.37,14.14,0.50,10.92,66.65,768.124,66.8845,83.9892,2406.88,1.91671,723.745,60.4605,78.4025,10583.49,14.4524,0.94222,0.90395,0.93348,75.85,-23.100,23.100,False,306.704,-0.004
T11,17,20,804.4,6.7,6.6,10.0,20.2,0.26,61.52,61.41,311.16,54.59,1464.54,14.14,0.50,10.92,75.14,757.089,65.2058,82.5407,2431.11,1.92053,714.759,59.2593,77.3443,10855.96,15.6141,0.94409,0.90880,0.93704,75.85,-21.260,21.260,False,311.155,0.005
T11,18,20,804.4,6.7,6.6,10.0,20.2,0.26,63.16,63.05,315.61,56.41,1505.65,14.14,0.50,10.92,79.41,746.006,63.5759,81.1266,2455.20,1.92405,704.283,57.8978,76.1387,11134.29,16.3321,0.94407,0.91069,0.93852,75.85,-19.440,19.440,False,315.602,0.008
T11,19,20,804.4,6.7,6.6,10.0,20.2,0.26,65.36,65.25,320.07,58.22,1421.74,14.14,0.50,10.92,70.81,734.825,61.9855,79.7396,2478.99,1.92704,690.088,56.1165,74.5509,11419.97,15.6902,0.93912,0.90532,0.93493,75.85,-17.630,17.630,False,320.067,0.003
T11,20,20,804.4,6.7,6.6,10.0,20.2,0.26,67.48,67.37,324.53,60.01,1357.91,14.14,0.50,10.92,64.60,723.619,60.4434,78.3875,2501.98,1.92924,676.285,54.4516,73.0545,11711.32,15.2443,0.93459,0.90087,0.93197,75.85,-15.840,15.840,False,324.525,0.005
T12,1,20,804.4,9.4,9.3,20.1,20.2,0.29,32.02,31.81,243.34,24.53,2730.58,28.13,0.50,21.07,131.25,916.419,96.8628,108.0880,2108.13,1.88919,881.654,88.2744,101.5814,7307.99,22.2311,0.96206,0.91133,0.93980,75.85,-51.320,51.320,False,243.346,-0.006
T12,2,20,804.4,9.4,9.3,20.1,20.2,0.29,36.43,36.23,251.94,28.58,2600.12,28.13,0.50,21.07,119.02,897.340,91.9984,104.4457,2141.38,1.88618,859.457,83.3819,97.7213,7694.40,21.9071,0.95778,0.90634,0.93562,75.85,-47.270,47.270,False,251.950,-0.010
T12,3,20,804.4,9.4,9.3,20.1,20.2,0.29,43.02,42.81,260.54,32.56,1940.57,28.13,0.50,21.07,66.32,877.948,87.4282,100.9215,2177.64,1.88648,824.722,76.4921,92.1098,8096.61,16.9211,0.93937,0.87491,0.91269,75.85,-43.290,43.290,False,260.544,-0.004
T12,4,20,804.4,9.4,9.3,20.1,20.2,0.29,46.21,46.00,269.15,36.48,2087.34,28.13,0.50,21.07,76.72,858.175,83.1118,97.5051,2216.56,1.88936,807.111,73.3079,89.4531,8517.10,18.8386,0.94050,0.88204,0.91742,75.85,-39.370,39.370,False,269.156,-0.006
T12,5,20,804.4,9.4,9.3,20.1,20.2,0.29,50.10,49.89,277.75,40.32,2078.03,28.13,0.50,21.07,76.04,838.114,79.0469,94.2134,2257.36,1.89397,784.931,69.5550,86.2765,8955.09,19.4098,0.93654,0.87992,0.91576,75.85,-35.530,35.530,False,277.745,0.005
T12,6,20,804.4,9.4,9.3,20.1,20.2,0.29,53.95,53.75,286.35,44.10,2061.16,28.13,0.50,21.07,74.81,817.662,75.1926,91.0301,2299.91,1.89977,762.148,65.9684,83.1996,9414.11,19.9255,0.93211,0.87732,0.91398,75.85,-31.750,31.750,False,286.357,-0.007
T12,7,20,804.4,9.4,9.3,20.1,20.2,0.29,57.57,57.36,294.95,47.80,2080.49,28.13,0.50,21.07,76.22,796.945,71.5539,87.9742,2344.01,1.90650,740.157,62.7373,80.3962,9892.85,20.8110,0.92874,0.87678,0.91386,75.85,-28.050,28.050,False,294.948,0.002
T12,8,20,804.4,9.4,9.3,20.1,20.2,0.29,61.10,60.89,303.55,51.44,2103.03,28.13,0.50,21.07,77.88,775.874,68.0985,85.0316,2389.86,1.91394,718.059,59.6968,77.7303,10394.83,21.7645,0.92548,0.87663,0.91413,75.85,-24.410,24.410,False,303.563,-0.013
T12,9,20,804.4,9.4,9.3,20.1,20.2,0.29,64.31,64.11,312.15,55.00,2184.48,28.13,0.50,21.07,84.03,754.606,64.8360,82.2205,2436.53,1.92136,697.462,57.0329,75.3694,10917.89,23.3803,0.92427,0.87965,0.91667,75.85,-20.850,20.850,False,312.153,-0.003
T12,10,20,804.4,9.4,9.3,20.1,20.2,0.29,67.74,67.53,320.75,58.50,2201.72,28.13,0.50,21.07,85.36,733.081,61.7422,79.5267,2482.63,1.92744,675.240,54.3280,72.9429,11464.96,24.3630,0.92110,0.87992,0.91721,75.85,-17.350,17.350,False,320.762,-0.012
T12,11,20,804.4,9.4,9.3,20.1,20.2,0.29,72.11,71.90,329.36,61.93,1994.92,28.13,0.50,21.07,70.09,711.448,58.8246,76.9601,2525.59,1.93044,646.567,51.0773,69.9752,12033.60,22.8109,0.90880,0.86830,0.90924,75.85,-13.920,13.920,False,329.352,0.008
T12,12,20,804.4,9.4,9.3,20.1,20.2,0.29,75.74,75.54,337.96,65.31,1945.29,28.13,0.50,21.07,66.65,689.699,56.0687,74.5081,2563.03,1.92873,622.706,48.5626,67.6254,12625.09,22.9754,0.90287,0.86613,0.90763,75.85,-10.540,10.540,False,337.954,0.006
T12,13,20,804.4,9.4,9.3,20.1,20.2,0.29,79.84,79.64,346.56,68.65,1810.15,28.13,0.50,21.07,57.72,667.909,53.4721,72.1676,2592.70,1.92104,596.189,45.9573,65.1190,13238.16,22.0727,0.89262,0.85946,0.90233,75.85,-7.200,7.200,False,346.566,-0.006
T12,14,20,804.4,9.4,9.3,20.1,20.2,0.29,84.05,83.85,355.16,71.95,1672.09,28.13,0.50,21.07,49.26,646.239,51.0416,69.9422,2612.60,1.90659,569.729,43.5457,62.7073,13868.54,21.0379,0.88161,0.85314,0.89656,75.85,-3.900,3.900,True,355.158,0.002
T12,15,20,804.4,9.4,9.3,20.1,20.2,0.29,86.71,86.51,363.76,75.24,1764.86,28.13,0.50,21.07,54.87,624.666,48.7628,67.8148,2621.14,1.88475,553.571,42.1619,61.2712,14516.64,22.9018,0.88619,0.86463,0.90351,75.85,-0.610,0.610,True,363.770,-0.010
T12,16,20,804.4,9.4,9.3,20.1,20.2,0.29,91.11,90.90,372.36,78.52,1606.63,28.13,0.50,21.07,45.48,603.375,46.6442,65.7886,2617.01,1.85547,528.070,40.1105,59.0526,15175.98,21.4906,0.87519,0.85992,0.89761,75.85,2.670,2.670,True,372.365,-0.005
T12,17,20,804.4,9.4,9.3,20.1,20.2,0.29,93.67,93.47,380.96,81.82,1707.07,28.13,0.50,21.07,51.34,582.367,44.6747,63.8492,2599.84,1.81908,513.889,39.0388,57.8414,15845.04,23.5276,0.88241,0.87385,0.90591,75.85,5.970,5.970,False,380.976,-0.016
T12,18,20,804.4,9.4,9.3,20.1,20.2,0.29,96.42,96.21,389.56,85.14,1796.74,28.13,0.50,21.07,56.87,561.832,42.8611,62.0022,2570.41,1.77688,499.418,37.9953,56.6208,16515.49,25.5012,0.88891,0.88648,0.91321,75.85,9.290,9.290,False,389.562,-0.002
T12,19,20,804.4,9.4,9.3,20.1,20.2,0.29,101.02,100.81,398.17,88.51,1617.05,28.13,0.50,21.07,46.07,541.762,41.1919,60.2369,2529.95,1.73006,476.662,36.4565,54.7326,17184.72,23.6234,0.87984,0.88504,0.90862,75.85,12.660,12.660,False,398.158,0.012
T12,20,20,804.4,9.4,9.3,20.1,20.2,0.29,104.48,104.28,406.77,91.95,1613.01,28.13,0.50,21.07,45.84,522.207,39.6615,58.5499,2479.86,1.67985,460.766,35.4556,53.4382,17847.84,24.2434,0.88234,0.89396,0.91270,75.85,16.100,16.100,False,406.778,-0.008
T13,1,20,1044.5,9.4,9.4,20.1,20.0,0.43,28.33,28.12,240.74,23.29,4166.24,28.46,0.50,16.42,301.91,922.136,98.3987,109.2143,2098.67,1.89083,899.539,92.5396,104.8566,9341.18,33.5697,0.97550,0.94046,0.96010,75.85,-52.560,52.560,False,240.738,0.002
T13,2,20,1044.5,9.4,9.4,20.1,20.0,0.43,32.96,32.76,247.44,26.47,3199.89,28.46,0.50,16.42,178.12,907.359,94.5044,106.3363,2123.60,1.88731,876.956,87.2037,100.7459,9726.11,26.4811,0.96649,0.92275,0.94743,75.85,-49.380,49.380,False,247.451,-0.011
T13,3,20,1044.5,9.4,9.4,20.1,20.0,0.43,36.18,35.97,254.15,29.60,3159.48,28.46,0.50,16.42,173.65,892.433,90.8081,103.5373,2150.34,1.88597,860.787,83.6636,97.9465,10122.00,26.8535,0.96454,0.92132,0.94600,75.85,-46.250,46.250,False,254.139,0.011
T13,4,20,1044.5,9.4,9.4,20.1,20.0,0.43,38.84,38.63,260.85,32.70,3392.19,28.46,0.50,16.42,200.17,877.254,87.2710,100.7985,2178.97,1.88655,847.030,80.8168,95.6552,10532.25,29.6148,0.96555,0.92604,0.94897,75.85,-43.150,43.150,False,260.849,0.001
T13,5,20,1044.5,9.4,9.4,20.1,20.0,0.43,42.00,41.79,267.55,35.75,3334.20,28.46,0.50,16.42,193.39,861.910,83.9025,98.1371,2209.09,1.88866,830.245,77.5312,92.9685,10955.10,29.8979,0.96326,0.92406,0.94733,75.85,-40.100,40.100,False,267.540,0.010
T13,6,20,1044.5,9.4,9.4,20.1,20.0,0.43,44.83,44.63,274.25,38.77,3434.96,28.46,0.50,16.42,205.25,846.296,80.6690,95.5353,2240.59,1.89193,814.738,74.6634,90.5886,11394.21,31.6403,0.96271,0.92555,0.94822,75.85,-37.080,37.080,False,274.259,-0.009
T13,7,20,1044.5,9.4,9.4,20.1,20.0,0.43,48.16,47.95,280.95,41.74,3238.12,28.46,0.50,16.42,182.40,830.514,77.5824,93.0107,2273.06,1.89601,796.090,71.4091,87.8517,11847.54,30.6368,0.95855,0.92043,0.94453,75.85,-34.110,34.110,False,280.961,-0.011
T13,8,20,1044.5,9.4,9.4,20.1,20.0,0.43,50.03,49.83,287.65,44.66,3899.19,28.46,0.50,16.42,264.46,814.572,74.6336,90.5637,2306.42,1.90073,785.279,69.6118,86.3250,12315.64,37.8881,0.96404,0.93272,0.95320,75.85,-31.190,31.190,False,287.647,0.003
T13,9,20,1044.5,9.4,9.4,20.1,20.0,0.43,52.67,52.46,294.36,47.55,4099.05,28.46,0.50,16.42,292.26,798.367,71.7957,88.1787,2340.95,1.90602,769.847,67.1519,84.2192,12802.44,40.9074,0.96428,0.93532,0.95510,75.85,-28.300,28.300,False,294.362,-0.002
T13,10,20,1044.5,9.4,9.4,20.1,20.0,0.43,55.65,55.44,301.06,50.39,3984.38,28.46,0.50,16.42,276.14,782.023,69.0828,85.8736,2376.40,1.91174,751.933,64.4408,81.8779,13305.20,40.8304,0.96152,0.93281,0.95347,75.85,-25.460,25.460,False,301.060,-0.000
T13,11,20,1044.5,9.4,9.4,20.1,20.0,0.43,58.40,58.19,307.76,53.19,4021.01,28.46,0.50,16.42,281.24,765.501,66.4803,83.6411,2412.65,1.91764,735.011,62.0116,79.7624,13826.05,42.3056,0.96017,0.93278,0.95363,75.85,-22.660,22.660,False,307.765,-0.005
T13,12,20,1044.5,9.4,9.4,20.1,20.0,0.43,61.24,61.03,314.46,55.95,3956.51,28.46,0.50,16.42,272.29,748.823,63.9849,81.4822,2449.12,1.92320,717.172,59.5788,77.6262,14365.26,42.7299,0.95773,0.93114,0.95268,75.85,-19.900,19.900,False,314.474,-0.014
T13,13,20,1044.5,9.4,9.4,20.1,20.0,0.43,64.32,64.11,321.16,58.66,3694.45,28.46,0.50,16.42,237.42,732.084,61.6035,79.4054,2484.71,1.92766,697.462,57.0329,75.3694,14920.57,40.9433,0.95271,0.92581,0.94917,75.85,-17.190,17.190,False,321.159,0.001
T13,14,20,1044.5,9.4,9.4,20.1,20.0,0.43,67.23,67.02,327.87,61.34,3543.93,28.46,0.50,16.42,218.48,715.204,59.3181,77.3961,2518.48,1.93022,678.571,54.7228,73.2992,15495.45,40.2948,0.94878,0.92253,0.94707,75.85,-14.510,14.510,False,327.864,0.006
T13,15,20,1044.5,9.4,9.4,20.1,20.0,0.43,69.56,69.35,334.57,63.99,3751.22,28.46,0.50,16.42,244.77,698.236,57.1302,75.4561,2549.16,1.93005,663.318,52.9449,71.6881,16088.86,43.7483,0.94999,0.92674,0.95006,75.85,-11.860,11.860,False,334.579,-0.009
T13,16,20,1044.5,9.4,9.4,20.1,20.0,0.43,73.38,73.18,341.27,66.60,3061.21,28.46,0.50,16.42,163.03,681.310,55.0502,73.5941,2575.48,1.92653,638.160,50.1722,69.1359,16696.75,36.6044,0.93667,0.91139,0.93942,75.85,-9.250,9.250,False,341.268,0.002
T13,17,20,1044.5,9.4,9.4,20.1,20.0,0.43,75.69,75.49,347.97,69.19,3197.80,28.46,0.50,16.42,177.89,664.368,53.0649,71.7974,2596.65,1.91916,623.033,48.5958,67.6569,17321.44,39.1945,0.93778,0.91578,0.94233,75.85,-6.660,6.660,False,347.967,0.003
T13,18,20,1044.5,9.4,9.4,20.1,20.0,0.43,77.82,77.61,354.67,71.76,3443.74,28.46,0.50,16.42,206.30,647.487,51.1777,70.0679,2611.74,1.90762,609.249,47.2162,66.3410,17960.18,43.2508,0.94094,0.92259,0.94681,75.85,-4.090,4.090,True,354.661,0.009
T13,19,20,1044.5,9.4,9.4,20.1,20.0,0.43,79.91,79.70,361.38,74.33,3743.56,28.46,0.50,16.42,243.78,630.619,49.3781,68.3938,2620.00,1.89156,595.806,45.9210,65.0835,18614.73,48.1671,0.94480,0.92999,0.95160,75.85,-1.520,1.520,True,361.386,-0.006
T13,20,20,1044.5,9.4,9.4,20.1,20.0,0.43,82.93,82.72,368.08,76.88,3448.59,28.46,0.50,16.42,206.88,613.981,47.6839,66.7896,2620.70,1.87103,576.734,44.1663,63.3381,19276.12,45.4376,0.93933,0.92623,0.94832,75.85,1.030,1.030,True,368.069,0.011
T14,1,20,821.6,6.9,6.9,10.8,20.1,0.27,24.74,24.63,234.54,20.32,2501.48,15.22,0.50,12.48,203.52,935.607,102.1723,111.9330,2077.28,1.89614,915.955,96.7399,107.9974,7076.36,19.6663,0.97900,0.94683,0.96484,75.85,-55.530,55.530,False,234.537,0.003
T14,2,20,821.6,6.9,6.9,10.8,20.1,0.27,27.99,27.88,239.64,22.76,2103.32,15.22,0.50,12.48,143.89,924.563,99.0621,109.6973,2094.72,1.89164,900.683,92.8231,105.0712,7298.53,16.8730,0.97417,0.93702,0.95783,75.85,-53.090,53.090,False,239.627,0.013
T14,3,20,821.6,6.9,6.9,10.8,20.1,0.27,31.29,31.17,244.73,25.19,1797.10,15.22,0.50,12.48,105.05,913.352,96.0545,107.4906,2113.30,1.88846,884.797,89.0019,102.1460,7527.06,14.7124,0.96874,0.92658,0.95028,75.85,-50.660,50.660,False,244.739,-0.009
T14,4,20,821.6,6.9,6.9,10.8,20.1,0.27,34.48,34.37,249.82,27.58,1587.24,15.22,0.50,12.48,81.96,902.110,93.1786,105.3398,2132.83,1.88660,868.904,85.4134,99.3372,7759.38,13.2597,0.96319,0.91666,0.94302,75.85,-48.270,48.270,False,249.813,0.007
T14,5,20,821.6,6.9,6.9,10.8,20.1,0.27,36.86,36.75,254.92,29.96,1586.44,15.22,0.50,12.48,81.88,890.691,90.3912,103.2175,2153.56,1.88594,856.788,82.8209,97.2719,7998.66,13.5255,0.96194,0.91625,0.94240,75.85,-45.890,45.890,False,254.914,0.006
T14,6,20,821.6,6.9,6.9,10.8,20.1,0.27,39.35,39.24,260.01,32.31,1553.61,15.22,0.50,12.48,78.52,879.186,87.7095,101.1412,2175.26,1.88638,843.827,80.1745,95.1335,8243.21,13.5175,0.95978,0.91409,0.94060,75.85,-43.540,43.540,False,260.000,0.010
T14,7,20,821.6,6.9,6.9,10.8,20.1,0.27,41.99,41.88,265.10,34.64,1486.85,15.22,0.50,12.48,71.92,867.543,85.1161,99.1019,2197.92,1.88774,829.760,77.4391,92.8926,8494.38,13.2029,0.95645,0.90981,0.93734,75.85,-41.210,41.210,False,265.094,0.006
T14,8,20,821.6,6.9,6.9,10.8,20.1,0.27,44.28,44.17,270.20,36.95,1489.86,15.22,0.50,12.48,72.21,855.757,82.6059,97.0992,2221.42,1.88984,817.277,75.1226,90.9718,8752.50,13.5024,0.95503,0.90941,0.93689,75.85,-38.900,38.900,False,270.198,0.002
T14,9,20,821.6,6.9,6.9,10.8,20.1,0.27,46.32,46.20,275.29,39.23,1543.27,15.22,0.50,12.48,77.48,843.880,80.1850,95.1421,2245.52,1.89251,805.990,73.1115,89.2880,9016.75,14.2742,0.95510,0.91179,0.93847,75.85,-36.620,36.620,False,275.291,-0.001
T14,10,20,821.6,6.9,6.9,10.8,20.1,0.27,48.86,48.74,280.38,41.49,1482.86,15.22,0.50,12.48,71.54,831.859,77.8387,93.2218,2270.27,1.89564,791.569,70.6499,87.2080,9288.54,13.9980,0.95157,0.90764,0.93549,75.85,-34.360,34.360,False,280.393,-0.013
T14,11,20,821.6,6.9,6.9,10.8,20.1,0.27,51.82,51.71,285.48,43.72,1346.59,15.22,0.50,12.48,59.00,819.751,75.5738,91.3475,2295.52,1.89914,774.284,67.8470,84.8160,9566.92,12.9724,0.94454,0.89776,0.92850,75.85,-32.130,32.130,False,285.484,-0.004
T14,12,20,821.6,6.9,6.9,10.8,20.1,0.27,54.44,54.33,290.57,45.92,1280.79,15.22,0.50,12.48,53.38,807.559,73.3866,89.5192,2321.29,1.90296,758.658,65.4411,82.7442,9852.05,12.5905,0.93945,0.89173,0.92432,75.85,-29.930,29.930,False,290.562,0.008
T14,13,20,821.6,6.9,6.9,10.8,20.1,0.27,56.13,56.02,295.66,48.10,1360.55,15.22,0.50,12.48,60.23,795.234,71.2645,87.7292,2347.70,1.90709,748.395,63.9226,81.4280,10145.42,13.6475,0.94110,0.89698,0.92817,75.85,-27.750,27.750,False,295.651,0.009
T14,14,20,821.6,6.9,6.9,10.8,20.1,0.27,58.79,58.68,300.76,50.26,1278.72,15.22,0.50,12.48,53.20,782.780,69.2053,85.9782,2374.74,1.91147,731.959,61.5862,79.3902,10447.29,13.0879,0.93508,0.88991,0.92338,75.85,-25.590,25.590,False,300.751,0.009
T14,15,20,821.6,6.9,6.9,10.8,20.1,0.27,60.52,60.41,305.85,52.39,1343.26,15.22,0.50,12.48,58.71,770.263,67.2166,84.2747,2402.18,1.91595,721.096,60.1031,78.0881,10756.39,14.0264,0.93617,0.89417,0.92659,75.85,-23.460,23.460,False,305.839,0.011
T14,16,20,821.6,6.9,6.9,10.8,20.1,0.27,62.81,62.70,310.94,54.50,1313.29,15.22,0.50,12.48,56.12,757.632,65.2872,82.6111,2429.92,1.92035,706.527,58.1860,76.3945,11074.27,13.9896,0.93255,0.89123,0.92475,75.85,-21.350,21.350,False,310.937,0.003
T14,17,20,821.6,6.9,6.9,10.8,20.1,0.27,64.84,64.73,316.04,56.59,1322.19,15.22,0.50,12.48,56.88,744.901,63.4163,80.9878,2457.58,1.92437,693.456,56.5327,74.9231,11400.98,14.3667,0.93094,0.89145,0.92512,75.85,-19.260,19.260,False,316.044,-0.004
T14,18,20,821.6,6.9,6.9,10.8,20.1,0.27,67.10,66.98,321.13,58.65,1291.11,15.22,0.50,12.48,54.24,732.146,61.6122,79.4129,2484.58,1.92765,678.832,54.7539,73.3272,11734.82,14.3072,0.92718,0.88869,0.92337,75.85,-17.200,17.200,False,321.134,-0.004
T14,19,20,821.6,6.9,6.9,10.8,20.1,0.27,69.56,69.44,326.22,60.69,1229.15,15.22,0.50,12.48,49.16,719.326,59.8658,77.8792,2510.49,1.92982,662.728,52.8776,71.6268,12077.14,13.8888,0.92132,0.88327,0.91972,75.85,-15.160,15.160,False,326.230,-0.010
T14,20,20,821.6,6.9,6.9,10.8,20.1,0.27,72.21,72.10,331.32,62.71,1145.65,15.22,0.50,12.48,42.71,706.463,58.1778,76.3872,2534.76,1.93052,645.253,50.9345,69.8432,12427.57,13.1982,0.91336,0.87550,0.91433,75.85,-13.140,13.140,False,331.326,-0.006
T15,1,20,821.6,6.9,6.9,10.8,29.8,0.29,34.63,34.52,260.18,32.39,5056.21,15.22,0.50,10.90,831.39,878.790,87.6194,101.0709,2176.02,1.88641,868.148,85.2481,99.2064,8251.69,44.0232,0.98789,0.97294,0.98155,75.85,-43.460,43.460,False,260.174,0.006
T15,2,20,821.6,6.9,6.9,10.8,29.8,0.29,37.60,37.49,264.63,34.43,3517.49,15.22,0.50,10.90,402.38,868.602,85.3472,99.2849,2195.83,1.88758,852.967,82.0275,96.6339,8471.37,31.1769,0.98200,0.96110,0.97330,75.85,-41.420,41.420,False,264.633,-0.003
T15,3,20,821.6,6.9,6.9,10.8,29.8,0.29,40.52,40.41,269.07,36.44,2713.44,15.22,0.50,10.90,239.46,858.381,83.1550,97.5397,2216.15,1.88932,837.635,78.9535,94.1369,8694.70,24.4806,0.97583,0.94947,0.96511,75.85,-39.410,39.410,False,269.067,0.003
T15,4,20,821.6,6.9,6.9,10.8,29.8,0.29,43.69,43.58,273.52,38.44,2094.01,15.22,0.50,10.90,142.62,848.023,81.0176,95.8180,2237.07,1.89153,820.518,75.7145,91.4645,8924.09,19.2316,0.96757,0.93454,0.95457,75.85,-37.410,37.410,False,273.520,0.000
T15,5,20,821.6,6.9,6.9,10.8,29.8,0.29,45.57,45.46,277.97,40.42,2136.32,15.22,0.50,10.90,148.44,837.582,78.9431,94.1285,2258.45,1.89410,810.129,73.8401,89.8997,9158.60,19.9723,0.96722,0.93536,0.95507,75.85,-35.430,35.430,False,277.970,-0.000
T15,6,20,821.6,6.9,6.9,10.8,29.8,0.29,47.83,47.72,282.42,42.38,2016.76,15.22,0.50,10.90,132.30,827.056,76.9289,92.4713,2280.25,1.89699,797.400,71.6312,88.0396,9398.39,19.1924,0.96414,0.93114,0.95208,75.85,-33.470,33.470,False,282.418,0.002
T15,7,20,821.6,6.9,6.9,10.8,29.8,0.29,50.19,50.08,286.87,44.32,1868.89,15.22,0.50,10.90,113.61,816.450,74.9726,90.8467,2302.46,1.90014,783.827,69.3753,86.1233,9643.62,18.1033,0.96004,0.92534,0.94801,75.85,-31.530,31.530,False,286.863,0.007
T15,8,20,821.6,6.9,6.9,10.8,29.8,0.29,52.50,52.39,291.31,46.24,1751.17,15.22,0.50,10.90,99.75,805.765,73.0723,89.2551,2325.11,1.90354,770.263,67.2166,84.2747,9894.42,17.2655,0.95594,0.91986,0.94420,75.85,-29.610,29.610,False,291.306,0.004
T15,9,20,821.6,6.9,6.9,10.8,29.8,0.29,54.39,54.28,295.76,48.15,1756.29,15.22,0.50,10.90,100.34,794.949,71.2163,87.6884,2348.31,1.90719,758.960,65.4865,82.7834,10152.28,17.6253,0.95473,0.91954,0.94406,75.85,-27.700,27.700,False,295.769,-0.009
T15,10,20,821.6,6.9,6.9,10.8,29.8,0.29,56.48,56.37,300.21,50.03,1698.20,15.22,0.50,10.90,93.81,784.118,69.4226,86.1636,2371.82,1.91099,746.251,63.6114,81.1575,10414.60,17.3439,0.95171,0.91629,0.94190,75.85,-25.820,25.820,False,300.206,0.004
T15,11,20,821.6,6.9,6.9,10.8,29.8,0.29,59.34,59.23,304.66,51.90,1468.20,15.22,0.50,10.90,70.13,773.163,67.6704,84.6645,2395.81,1.91492,728.519,61.1115,78.9742,10684.25,15.2604,0.94226,0.90308,0.93279,75.85,-23.950,23.950,False,304.663,-0.003
T15,12,20,821.6,6.9,6.9,10.8,29.8,0.29,61.24,61.13,309.11,53.75,1457.16,15.22,0.50,10.90,69.08,762.148,65.9684,83.1996,2420.01,1.91881,716.537,59.4946,77.5519,10959.92,15.4123,0.94016,0.90187,0.93212,75.85,-22.100,22.100,False,309.118,-0.008
T15,13,20,821.6,6.9,6.9,10.8,29.8,0.29,63.40,63.29,313.55,55.57,1394.49,15.22,0.50,10.90,63.27,751.142,64.3244,81.7769,2444.08,1.92247,702.742,57.7009,75.9638,11240.04,15.0061,0.93557,0.89703,0.92892,75.85,-20.280,20.280,False,313.544,0.006
T15,14,20,821.6,6.9,6.9,10.8,29.8,0.29,65.66,65.55,318.00,57.39,1317.79,15.22,0.50,10.90,56.50,739.971,62.7109,80.3732,2468.13,1.92575,688.141,55.8777,74.3371,11529.22,14.4284,0.92996,0.89104,0.92490,75.85,-18.460,18.460,False,318.014,-0.014
T15,15,20,821.6,6.9,6.9,10.8,29.8,0.29,67.28,67.17,322.45,59.18,1347.11,15.22,0.50,10.90,59.04,728.833,61.1546,79.0119,2491.41,1.92833,677.591,54.6064,73.1942,11822.63,15.0035,0.92969,0.89292,0.92637,75.85,-16.670,16.670,False,322.453,-0.003
T15,16,20,821.6,6.9,6.9,10.8,29.8,0.29,69.44,69.32,326.90,60.96,1286.21,15.22,0.50,10.90,53.83,717.616,59.6378,77.6782,2513.83,1.93000,663.515,52.9674,71.7086,12123.32,14.5712,0.92461,0.88815,0.92315,75.85,-14.890,14.890,False,326.908,-0.008
T15,17,20,821.6,6.9,6.9,10.8,29.8,0.29,72.22,72.11,331.35,62.72,1146.62,15.22,0.50,10.90,42.79,706.399,58.1695,76.3798,2534.88,1.93052,645.187,50.9273,69.8366,12429.33,13.2106,0.91335,0.87550,0.91433,75.85,-13.130,13.130,False,331.351,-0.001
T15,18,20,821.6,6.9,6.9,10.8,29.8,0.29,72.79,72.68,335.80,64.47,1310.40,15.22,0.50,10.90,55.87,695.138,56.7420,75.1099,2554.33,1.92967,641.443,50.5231,69.4621,12742.03,15.3529,0.92276,0.89040,0.92481,75.85,-11.380,11.380,False,335.804,-0.004
T15,19,20,821.6,6.9,6.9,10.8,29.8,0.29,75.06,74.95,340.24,66.20,1230.82,15.22,0.50,10.90,49.29,683.915,55.3640,73.8762,2571.75,1.92731,626.561,48.9576,67.9985,13059.18,14.6613,0.91614,0.88429,0.92044,75.85,-9.650,9.650,False,340.239,0.001
T15,20,20,821.6,6.9,6.9,10.8,29.8,0.29,77.70,77.59,344.69,67.93,1113.38,15.22,0.50,10.90,40.34,672.624,54.0206,72.6649,2587.04,1.92326,609.379,47.2289,66.3532,13383.93,13.4835,0.90597,0.87428,0.91314,75.85,-7.920,7.920,False,344.701,-0.011
T16,1,25,717.3,6.3,6.0,8.5,20.0,0.22,28.32,28.23,237.75,22.75,1558.40,12.08,0.50,10.42,99.54,952.071,106.9328,115.7704,1983.14,1.83175,929.738,100.4128,111.1312,5903.00,11.8458,0.97654,0.93903,0.95993,82.59,-59.840,59.840,False,237.754,-0.004
T16,2,25,717.3,6.3,6.0,8.5,20.0,0.22,31.29,31.20,242.01,24.89,1353.47,12.08,0.50,10.42,75.09,943.426,104.3304,113.9439,1992.18,1.82410,917.359,97.0687,108.6696,6050.24,10.4530,0.97237,0.93040,0.95371,82.59,-57.700,57.700,False,242.007,0.003
T16,3,25,717.3,6.3,6.0,8.5,20.0,0.22,35.07,34.98,246.26,27.02,1072.56,12.08,0.50,10.42,47.16,934.725,101.8123,112.1448,2001.56,1.81715,901.314,92.9897,105.5917,6199.88,8.4164,0.96426,0.91334,0.94157,82.59,-55.570,55.570,False,246.261,-0.001
T16,4,25,717.3,6.3,6.0,8.5,20.0,0.22,38.01,37.93,250.51,29.14,972.00,12.08,0.50,10.42,38.74,925.966,99.3747,110.3729,2011.28,1.81086,888.560,89.9358,103.2333,6351.96,7.7497,0.95960,0.90502,0.93531,82.59,-53.450,53.450,False,250.514,-0.004
T16,5,25,717.3,6.3,6.0,8.5,20.0,0.22,40.77,40.68,254.76,31.25,905.43,12.08,0.50,10.42,33.62,917.149,97.0135,108.6285,2021.32,1.80519,876.483,87.1851,101.0703,6506.56,7.3349,0.95566,0.89869,0.93042,82.59,-51.340,51.340,False,254.768,-0.008
T16,6,25,717.3,6.3,6.0,8.5,20.0,0.22,43.29,43.21,259.02,33.35,866.43,12.08,0.50,10.42,30.78,908.274,94.7251,106.9113,2031.65,1.80007,865.210,84.7326,99.1112,6663.74,7.1317,0.95259,0.89451,0.92704,82.59,-49.240,49.240,False,259.024,-0.004
T16,7,25,717.3,6.3,6.0,8.5,20.0,0.22,45.87,45.78,263.27,35.43,825.84,12.08,0.50,10.42,27.97,899.382,92.5167,105.2294,2042.17,1.79546,853.600,82.3148,97.1524,6822.81,6.9062,0.94910,0.88973,0.92324,82.59,-47.160,47.160,False,263.261,0.009
T16,8,25,717.3,6.3,6.0,8.5,20.0,0.22,48.07,47.98,267.52,37.51,816.13,12.08,0.50,10.42,27.32,890.389,90.3639,103.5667,2052.94,1.79123,843.535,80.3018,95.5013,6985.35,6.9346,0.94738,0.88865,0.92212,82.59,-45.080,45.080,False,267.520,0.000
T16,9,25,717.3,6.3,6.0,8.5,20.0,0.22,50.25,50.16,271.78,39.58,806.79,12.08,0.50,10.42,26.70,881.335,88.2745,101.9314,2063.85,1.78734,833.447,78.3570,93.8892,7150.69,6.9652,0.94566,0.88765,0.92110,82.59,-43.010,43.010,False,271.780,-0.000
T16,10,25,717.3,6.3,6.0,8.5,20.0,0.22,52.61,52.52,276.03,41.63,784.49,12.08,0.50,10.42,25.24,872.268,86.2556,100.3312,2074.80,1.78373,822.400,76.3060,92.1716,7318.06,6.8807,0.94283,0.88465,0.91867,82.59,-40.960,40.960,False,276.023,0.007
T16,11,25,717.3,6.3,6.0,8.5,20.0,0.22,55.53,55.44,280.28,43.68,725.98,12.08,0.50,10.42,21.62,863.099,84.2850,98.7506,2085.86,1.78031,808.554,73.8441,90.0875,7489.16,6.4695,0.93680,0.87612,0.91227,82.59,-38.910,38.910,False,280.287,-0.007
T16,12,25,717.3,6.3,6.0,8.5,20.0,0.22,57.92,57.83,284.53,45.71,704.68,12.08,0.50,10.42,20.37,853.919,82.3797,97.2053,2096.91,1.77709,797.078,71.8897,88.4162,7662.37,6.3795,0.93344,0.87266,0.90958,82.59,-36.880,36.880,False,284.533,-0.003
T16,13,25,717.3,6.3,6.0,8.5,20.0,0.22,60.17,60.08,288.79,47.73,691.57,12.08,0.50,10.42,19.62,844.685,80.5280,95.6877,2107.99,1.77402,786.163,70.0985,86.8720,7838.57,6.3601,0.93072,0.87049,0.90787,82.59,-34.860,34.860,False,288.780,0.010
T16,14,25,717.3,6.3,6.0,8.5,20.0,0.22,63.03,62.94,293.04,49.75,647.40,12.08,0.50,10.42,17.20,835.353,78.7191,94.1905,2119.17,1.77108,772.140,67.8886,84.9506,8018.69,6.0485,0.92433,0.86242,0.90190,82.59,-32.840,32.840,False,293.049,-0.009
T16,15,25,717.3,6.3,6.0,8.5,20.0,0.22,64.83,64.74,297.29,51.75,657.23,12.08,0.50,10.42,17.72,826.019,76.9691,92.7288,2130.34,1.76827,763.235,66.5357,83.7657,8201.01,6.2371,0.92399,0.86445,0.90334,82.59,-30.840,30.840,False,297.298,-0.008
T16,16,25,717.3,6.3,6.0,8.5,20.0,0.22,66.69,66.61,301.55,53.74,663.80,12.08,0.50,10.42,18.08,816.639,75.2673,91.2953,2141.55,1.76558,753.926,65.1610,82.5551,8386.43,6.3984,0.92321,0.86573,0.90426,82.59,-28.850,28.850,False,301.549,0.001
T16,17,25,717.3,6.3,6.0,8.5,20.0,0.22,68.84,68.75,305.80,55.72,655.40,12.08,0.50,10.42,17.63,807.216,73.6123,89.8901,2152.80,1.76296,743.207,63.6262,81.1954,8574.98,6.4162,0.92070,0.86434,0.90327,82.59,-26.870,26.870,False,305.800,-0.000
T16,18,25,717.3,6.3,6.0,8.5,20.0,0.22,70.49,70.40,310.05,57.69,671.93,12.08,0.50,10.42,18.52,797.754,72.0027,88.5133,2164.04,1.76037,734.901,62.4710,80.1661,8766.67,6.6803,0.92121,0.86762,0.90570,82.59,-24.900,24.900,False,310.052,-0.002
T16,19,25,717.3,6.3,6.0,8.5,20.0,0.22,72.87,72.78,314.30,59.65,650.50,12.08,0.50,10.42,17.36,788.257,70.4372,87.1649,2175.20,1.75776,722.871,60.8481,78.7113,8961.51,6.5673,0.91705,0.86386,0.90302,82.59,-22.940,22.940,False,314.305,-0.005
T16,20,25,717.3,6.3,6.0,8.5,20.0,0.22,75.53,75.44,318.56,61.60,617.02,12.08,0.50,10.42,15.62,778.730,68.9148,85.8450,2186.20,1.75505,709.378,59.0955,77.1281,9159.49,6.3251,0.91094,0.85752,0.89846,82.59,-20.990,20.990,False,318.557,0.003
T17,1,25,717.3,8.6,8.4,16.6,20.2,0.24,34.83,34.66,241.02,24.40,1599.77,23.22,0.50,19.50,54.60,945.414,104.9197,114.3605,1990.08,1.82579,902.686,93.3277,105.8498,6016.26,12.3102,0.95480,0.88952,0.92558,82.59,-58.190,58.190,False,241.032,-0.012
T17,2,25,717.3,8.6,8.4,16.6,20.2,0.24,40.05,39.88,248.99,28.38,1427.45,23.22,0.50,19.50,43.48,929.117,100.2409,111.0059,2007.75,1.81304,880.015,87.9760,101.6960,6297.07,11.3161,0.94715,0.87765,0.91613,82.59,-54.210,54.210,False,248.987,0.003
T17,3,25,717.3,8.6,8.4,16.6,20.2,0.24,47.37,47.20,256.95,32.33,1104.09,23.22,0.50,19.50,26.03,912.597,95.8291,107.7429,2026.59,1.80250,847.117,81.0097,96.0839,6586.98,9.0178,0.92825,0.84536,0.89179,82.59,-50.260,50.260,False,256.954,-0.004
T17,4,25,717.3,8.6,8.4,16.6,20.2,0.24,51.36,51.19,264.91,36.24,1098.54,23.22,0.50,19.50,25.77,895.892,91.6719,104.5796,2046.34,1.79377,828.642,77.4550,93.1360,6885.69,9.2438,0.92494,0.84492,0.89057,82.59,-46.350,46.350,False,264.917,-0.007
T17,5,25,717.3,8.6,8.4,16.6,20.2,0.24,56.14,55.97,272.87,40.11,1035.28,23.22,0.50,19.50,22.89,879.001,87.7478,101.5158,2066.67,1.78638,806.020,73.4060,89.7142,7193.61,8.9744,0.91697,0.83656,0.88375,82.59,-42.480,42.480,False,272.875,-0.005
T17,6,25,717.3,8.6,8.4,16.6,20.2,0.24,60.74,60.57,280.84,43.94,987.83,23.22,0.50,19.50,20.85,861.929,84.0385,98.5516,2087.27,1.77989,783.772,69.7146,86.5394,7511.13,8.8207,0.90932,0.82956,0.87811,82.59,-38.650,38.650,False,280.830,0.010
T17,7,25,717.3,8.6,8.4,16.6,20.2,0.24,65.62,65.45,288.80,47.74,927.28,23.22,0.50,19.50,18.37,844.639,80.5189,95.6802,2108.04,1.77401,759.707,66.0100,83.3036,7839.45,8.5285,0.89945,0.81981,0.87065,82.59,-34.850,34.850,False,288.801,-0.001
T17,8,25,717.3,8.6,8.4,16.6,20.2,0.24,69.53,69.36,296.76,51.50,919.50,23.22,0.50,19.50,18.07,827.191,77.1856,92.9104,2128.93,1.76862,740.140,63.1963,80.8129,8178.00,8.7090,0.89476,0.81876,0.86979,82.59,-31.090,31.090,False,296.766,-0.006
T17,9,25,717.3,8.6,8.4,16.6,20.2,0.24,73.68,73.51,304.73,55.22,897.84,23.22,0.50,19.50,17.23,809.604,74.0267,90.2429,2149.95,1.76362,719.172,60.3606,78.2723,8526.98,8.7552,0.88830,0.81539,0.86735,82.59,-27.370,27.370,False,304.725,0.005
T17,10,25,717.3,8.6,8.4,16.6,20.2,0.24,77.60,77.43,312.69,58.91,886.70,23.22,0.50,19.50,16.81,791.852,71.0241,87.6714,2170.99,1.75876,699.270,57.8274,75.9738,8887.46,8.9002,0.88308,0.81419,0.86657,82.59,-23.680,23.680,False,312.697,-0.007
T17,11,25,717.3,8.6,8.4,16.6,20.2,0.24,82.84,82.67,320.65,62.56,816.52,23.22,0.50,19.50,14.26,774.012,68.1780,85.2032,2191.55,1.75364,672.708,54.6673,73.0612,9258.47,8.4332,0.86912,0.80183,0.85749,82.59,-20.030,20.030,False,320.659,-0.009
T17,12,25,717.3,8.6,8.4,16.6,20.2,0.24,87.02,86.85,328.61,66.17,794.10,23.22,0.50,19.50,13.49,756.121,65.4816,82.8381,2210.88,1.74765,651.721,52.3363,70.8735,9639.72,8.4358,0.86193,0.79925,0.85557,82.59,-16.420,16.420,False,328.605,0.005
T17,13,25,717.3,8.6,8.4,16.6,20.2,0.24,92.83,92.66,336.58,69.76,717.02,23.22,0.50,19.50,11.01,738.126,62.9162,80.5633,2228.16,1.74009,623.131,49.3797,68.0367,10032.78,7.8321,0.84421,0.78485,0.84451,82.59,-12.830,12.830,False,336.574,0.006
T17,14,25,717.3,8.6,8.4,16.6,20.2,0.24,96.76,96.59,344.54,73.32,705.68,23.22,0.50,19.50,10.66,720.135,60.4870,78.3863,2242.33,1.73030,604.330,47.5657,66.2524,10435.69,7.9223,0.83919,0.78638,0.84520,82.59,-9.270,9.270,False,344.533,0.007
T17,15,25,717.3,8.6,8.4,16.6,20.2,0.24,99.84,99.67,352.50,76.87,720.11,23.22,0.50,19.50,11.10,702.115,58.1805,76.2960,2252.57,1.71773,589.970,46.2468,64.9289,10849.41,8.3058,0.84028,0.79488,0.85101,82.59,-5.720,5.720,False,352.513,-0.013
T17,16,25,717.3,8.6,8.4,16.6,20.2,0.24,104.77,104.60,360.46,80.40,678.53,23.22,0.50,19.50,9.86,684.194,56.0040,74.3000,2258.18,1.70211,567.770,44.3177,62.9447,11271.04,8.0364,0.82984,0.79133,0.84717,82.59,-2.190,2.190,True,360.475,-0.015
T17,17,25,717.3,8.6,8.4,16.6,20.2,0.24,108.45,108.28,368.43,83.92,673.99,23.22,0.50,19.50,9.73,666.406,53.9524,72.3942,2258.81,1.68339,551.887,43.0176,61.5684,11699.65,8.1928,0.82815,0.79732,0.85046,82.59,1.330,1.330,True,368.427,0.003
T17,18,25,717.3,8.6,8.4,16.6,20.2,0.24,111.91,111.74,376.39,87.45,675.89,23.22,0.50,19.50,9.78,648.733,52.0157,70.5695,2254.33,1.66163,537.524,41.8983,60.3533,12135.26,8.4283,0.82858,0.80549,0.85523,82.59,4.860,4.860,True,376.394,-0.004
T17,19,25,717.3,8.6,8.4,16.6,20.2,0.24,117.08,116.91,384.35,90.99,633.60,23.22,0.50,19.50,8.60,631.262,50.1958,68.8277,2244.79,1.63712,517.131,40.3998,58.6746,12575.24,8.1009,0.81920,0.80484,0.85249,82.59,8.400,8.400,False,384.359,-0.009
T17,20,25,717.3,8.6,8.4,16.6,20.2,0.24,120.65,120.48,392.32,94.55,633.20,23.22,0.50,19.50,8.59,614.027,48.4888,67.1651,2230.37,1.61018,503.806,39.4778,57.6073,13017.95,8.2962,0.82049,0.81416,0.85770,82.59,11.960,11.960,False,392.326,-0.006
T18,1,25,994.2,8.6,8.5,16.6,20.1,0.41,28.16,27.99,238.10,22.93,3282.29,23.50,0.50,14.24,226.97,951.348,106.7110,115.6160,1983.88,1.83108,930.729,100.6887,111.3317,8198.74,24.9828,0.97833,0.94356,0.96294,82.59,-59.660,59.660,False,238.111,-0.011
T18,2,25,994.2,8.6,8.5,16.6,20.1,0.41,31.42,31.25,243.92,25.85,3076.29,23.50,0.50,14.24,199.38,939.516,103.1868,113.1307,1996.36,1.82089,917.149,97.0135,108.6285,8478.76,23.9293,0.97619,0.94017,0.96020,82.59,-56.740,56.740,False,243.922,-0.002
T18,3,25,994.2,8.6,8.5,16.6,20.1,0.41,36.69,36.52,249.73,28.75,2138.15,23.50,0.50,14.24,96.34,927.585,99.8181,110.6975,2009.46,1.81197,894.682,91.3818,104.3557,8764.90,16.9974,0.96453,0.91548,0.94271,82.59,-53.840,53.840,False,249.730,-0.000
T18,4,25,994.2,8.6,8.5,16.6,20.1,0.41,39.76,39.59,255.54,31.63,2087.85,23.50,0.50,14.24,91.86,915.551,96.5949,108.3163,2023.16,1.80423,881.291,88.2646,101.9235,9057.37,16.9624,0.96258,0.91376,0.94098,82.59,-50.960,50.960,False,255.537,0.003
T18,5,25,994.2,8.6,8.5,16.6,20.1,0.41,42.19,42.02,261.36,34.50,2209.25,23.50,0.50,14.24,102.85,903.370,93.4971,105.9791,2037.43,1.79747,870.531,85.8770,100.0289,9357.46,18.3446,0.96365,0.91850,0.94386,82.59,-48.090,48.090,False,261.364,-0.004
T18,6,25,994.2,8.6,8.5,16.6,20.1,0.41,45.06,44.89,267.17,37.34,2201.05,23.50,0.50,14.24,102.09,891.127,90.5378,103.7019,2052.06,1.79157,857.639,83.1439,97.8271,9663.32,18.6778,0.96242,0.91833,0.94335,82.59,-45.250,45.250,False,267.171,-0.001
T18,7,25,994.2,8.6,8.5,16.6,20.1,0.41,47.37,47.20,272.98,40.16,2360.63,23.50,0.50,14.24,117.42,878.780,87.6983,101.4767,2066.94,1.78629,847.117,81.0097,96.0839,9976.20,20.4713,0.96397,0.92373,0.94686,82.59,-42.430,42.430,False,272.978,0.002
T18,8,25,994.2,8.6,8.5,16.6,20.1,0.41,50.35,50.18,278.80,42.96,2303.65,23.50,0.50,14.24,111.83,866.331,84.9717,99.3035,2081.97,1.78149,833.354,78.3394,93.8745,10296.32,20.4143,0.96194,0.92195,0.94533,82.59,-39.630,39.630,False,278.787,0.013
T18,9,25,994.2,8.6,8.5,16.6,20.1,0.41,52.64,52.47,284.61,45.75,2472.40,23.50,0.50,14.24,128.80,853.737,82.3426,97.1751,2097.13,1.77703,822.636,76.3488,92.2077,10625.06,22.3896,0.96357,0.92721,0.94888,82.59,-36.840,36.840,False,284.617,-0.007
T18,10,25,994.2,8.6,8.5,16.6,20.1,0.41,55.52,55.34,290.42,48.51,2431.05,23.50,0.50,14.24,124.53,841.093,79.8245,95.1071,2112.29,1.77287,809.031,73.9270,90.1581,10960.25,22.4938,0.96188,0.92612,0.94796,82.59,-34.080,34.080,False,290.426,-0.006
T18,11,25,994.2,8.6,8.5,16.6,20.1,0.41,58.65,58.48,296.24,51.25,2298.90,23.50,0.50,14.24,111.37,828.361,77.4028,93.0923,2127.53,1.76897,793.936,71.3674,87.9672,11303.16,21.7315,0.95844,0.92203,0.94495,82.59,-31.340,31.340,False,296.234,0.006
T18,12,25,994.2,8.6,8.5,16.6,20.1,0.41,61.58,61.40,302.05,53.97,2236.71,23.50,0.50,14.24,105.43,815.549,75.0731,91.1310,2142.86,1.76527,779.711,69.0693,85.9793,11653.92,21.5986,0.95606,0.92003,0.94347,82.59,-28.620,28.620,False,302.042,0.008
T18,13,25,994.2,8.6,8.5,16.6,20.1,0.41,65.34,65.17,307.86,56.68,1957.36,23.50,0.50,14.24,80.75,802.616,72.8234,89.2165,2158.27,1.76170,761.100,66.2168,83.4855,12013.94,19.3067,0.94827,0.90928,0.93576,82.59,-25.910,25.910,False,307.870,-0.010
T18,14,25,994.2,8.6,8.5,16.6,20.1,0.41,68.16,67.99,313.68,59.36,1926.32,23.50,0.50,14.24,78.21,789.667,70.6666,87.3630,2173.55,1.75815,747.021,64.1665,81.6751,12380.61,19.4037,0.94599,0.90802,0.93489,82.59,-23.230,23.230,False,313.674,0.006
T18,15,25,994.2,8.6,8.5,16.6,20.1,0.41,70.48,70.30,319.49,62.03,2007.40,23.50,0.50,14.24,84.93,776.619,68.5837,85.5568,2188.61,1.75442,735.405,62.5403,80.2280,12756.61,20.6472,0.94693,0.91188,0.93772,82.59,-20.560,20.560,False,319.498,-0.008
T18,16,25,994.2,8.6,8.5,16.6,20.1,0.41,73.34,73.16,325.30,64.67,1957.33,23.50,0.50,14.24,80.74,763.583,66.5878,83.8115,2203.03,1.75029,720.946,60.5937,78.4824,13138.99,20.5515,0.94416,0.90998,0.93642,82.59,-17.920,17.920,False,325.295,0.005
T18,17,25,994.2,8.6,8.5,16.6,20.1,0.41,76.31,76.14,331.12,67.30,1881.17,23.50,0.50,14.24,74.59,750.477,64.6616,82.1136,2216.58,1.74548,705.823,58.6452,76.7191,13530.38,20.1602,0.94050,0.90696,0.93430,82.59,-15.290,15.290,False,331.107,0.013
T18,18,25,994.2,8.6,8.5,16.6,20.1,0.41,78.24,78.07,336.93,69.92,2038.85,23.50,0.50,14.24,87.61,737.320,62.8045,80.4638,2228.87,1.73970,696.019,57.4274,75.6081,13930.46,22.2981,0.94398,0.91438,0.93965,82.59,-12.670,12.670,False,336.931,-0.001
T18,19,25,994.2,8.6,8.5,16.6,20.1,0.41,80.33,80.16,342.74,72.52,2174.72,23.50,0.50,14.24,99.67,724.187,61.0229,78.8685,2239.46,1.73273,685.411,56.1483,74.4331,14337.19,24.2651,0.94646,0.92012,0.94376,82.59,-10.070,10.070,False,342.740,-0.000
T18,20,25,994.2,8.6,8.5,16.6,20.1,0.41,83.60,83.42,348.56,75.11,1999.10,23.50,0.50,14.24,84.23,711.054,59.3094,77.3220,2248.03,1.72434,668.924,54.2365,72.6597,14751.38,22.7517,0.94075,0.91447,0.93970,82.59,-7.480,7.480,False,348.552,0.008
T19,1,25,684.7,6.9,6.9,10.8,20.2,0.22,27.85,27.73,235.96,21.84,1826.98,15.22,0.50,13.39,108.57,955.718,108.0623,116.5527,1979.40,1.83521,931.802,100.9885,111.5493,5575.82,13.7941,0.97498,0.93454,0.95707,82.59,-60.750,60.750,False,235.951,0.009
T19,2,25,684.7,6.9,6.9,10.8,20.2,0.22,31.37,31.26,241.32,24.54,1603.05,15.22,0.50,13.13,83.60,944.847,104.7509,114.2413,1990.68,1.82530,917.107,97.0024,108.6202,5752.08,12.3483,0.97064,0.92603,0.95080,82.59,-58.050,58.050,False,241.310,0.010
T19,3,25,684.7,6.9,6.9,10.8,20.2,0.22,35.56,35.45,246.68,27.23,1309.08,15.22,0.50,13.13,55.76,933.861,101.5679,111.9684,2002.51,1.81650,899.296,92.4958,105.2133,5932.35,10.2885,0.96299,0.91068,0.93967,82.59,-55.360,55.360,False,246.681,-0.001
T19,4,25,684.7,6.9,6.9,10.8,20.2,0.22,39.23,39.12,252.03,29.90,1166.74,15.22,0.50,13.13,44.30,922.802,98.5169,109.7424,2014.85,1.80875,883.356,88.7344,102.2931,6116.07,9.3558,0.95725,0.90070,0.93212,82.59,-52.690,52.690,False,252.044,-0.014
T19,5,25,684.7,6.9,6.9,10.8,20.2,0.22,42.01,41.89,257.39,32.55,1151.38,15.22,0.50,13.13,43.14,911.667,95.5898,107.5632,2027.67,1.80196,871.111,86.0030,100.1296,6303.35,9.4197,0.95551,0.89971,0.93089,82.59,-50.040,50.040,False,257.400,-0.010
T19,6,25,684.7,6.9,6.9,10.8,20.2,0.22,45.00,44.88,262.75,35.18,1109.20,15.22,0.50,13.13,40.04,900.456,92.7792,105.4306,2040.89,1.79599,857.684,83.1533,97.8347,6494.30,9.2582,0.95250,0.89625,0.92795,82.59,-47.410,47.410,False,262.750,-0.000
T19,7,25,684.7,6.9,6.9,10.8,20.2,0.22,48.17,48.06,268.11,37.80,1049.14,15.22,0.50,13.13,35.82,889.126,90.0681,103.3365,2054.46,1.79067,843.167,80.2296,95.4417,6689.78,8.9343,0.94831,0.89077,0.92360,82.59,-44.790,44.790,False,268.115,-0.005
T19,8,25,684.7,6.9,6.9,10.8,20.2,0.22,50.85,50.74,273.47,40.40,1040.35,15.22,0.50,13.13,35.23,877.721,87.4611,101.2890,2068.22,1.78587,830.745,77.8478,93.4644,6889.19,9.0386,0.94648,0.89008,0.92275,82.59,-42.190,42.190,False,273.475,-0.005
T19,9,25,684.7,6.9,6.9,10.8,20.2,0.22,53.33,53.22,278.83,42.98,1051.14,15.22,0.50,13.13,35.96,866.241,84.9526,99.2881,2082.07,1.78146,819.099,75.7082,91.6679,7092.62,9.3164,0.94558,0.89118,0.92325,82.59,-39.610,39.610,False,278.828,0.002
T19,10,25,684.7,6.9,6.9,10.8,20.2,0.22,56.32,56.21,284.19,45.54,1009.57,15.22,0.50,13.13,33.18,854.691,82.5376,97.3340,2095.98,1.77736,804.870,73.2085,89.5456,7300.14,9.1276,0.94171,0.88697,0.91998,82.59,-37.050,37.050,False,284.176,0.014
T19,11,25,684.7,6.9,6.9,10.8,20.2,0.22,59.79,59.68,289.55,48.09,929.03,15.22,0.50,13.13,28.10,843.029,80.2025,95.4193,2109.97,1.77349,788.111,70.4135,87.1444,7512.68,8.5679,0.93486,0.87795,0.91328,82.59,-34.500,34.500,False,289.539,0.011
T19,12,25,684.7,6.9,6.9,10.8,20.2,0.22,62.85,62.74,294.90,50.62,888.20,15.22,0.50,13.13,25.69,831.304,77.9529,93.5521,2124.01,1.76985,773.126,68.0407,85.0835,7729.49,8.3549,0.93002,0.87284,0.90948,82.59,-31.970,31.970,False,294.895,0.005
T19,13,25,684.7,6.9,6.9,10.8,20.2,0.22,65.41,65.30,300.26,53.14,885.29,15.22,0.50,13.13,25.52,819.477,75.7763,91.7253,2138.16,1.76638,760.453,66.1207,83.4010,7951.51,8.4934,0.92797,0.87258,0.90925,82.59,-29.450,29.450,False,300.265,-0.005
T19,14,25,684.7,6.9,6.9,10.8,20.2,0.22,68.84,68.73,305.62,55.64,821.99,15.22,0.50,13.13,22.00,807.598,73.6785,89.9464,2152.34,1.76306,743.307,63.6404,81.2079,8177.91,8.0420,0.92039,0.86376,0.90285,82.59,-26.950,26.950,False,305.628,-0.008
T19,15,25,684.7,6.9,6.9,10.8,20.2,0.22,71.01,70.89,310.98,58.12,842.48,15.22,0.50,13.13,23.11,795.677,71.6562,88.2156,2166.49,1.75981,732.428,62.1326,79.8637,8408.71,8.4042,0.92051,0.86709,0.90532,82.59,-24.470,24.470,False,310.984,-0.004
T19,16,25,684.7,6.9,6.9,10.8,20.2,0.22,73.91,73.80,316.34,60.58,814.33,15.22,0.50,13.13,21.60,783.723,69.7068,86.5327,2180.47,1.75649,717.701,60.1683,78.0989,8643.86,8.2814,0.91576,0.86316,0.90254,82.59,-22.010,22.010,False,316.330,0.010
T19,17,25,684.7,6.9,6.9,10.8,20.2,0.22,76.48,76.37,321.70,63.03,807.31,15.22,0.50,13.13,21.23,771.696,67.8203,84.8909,2194.14,1.75292,704.655,58.4983,76.5854,8884.30,8.3688,0.91312,0.86255,0.90216,82.59,-19.560,19.560,False,321.689,0.011
T19,18,25,684.7,6.9,6.9,10.8,20.2,0.22,78.26,78.15,327.06,65.47,849.04,15.22,0.50,13.13,23.47,759.608,65.9953,83.2906,2207.25,1.74892,695.613,57.3777,75.5626,9129.98,8.9705,0.91575,0.86942,0.90722,82.59,-17.120,17.120,False,327.059,0.001
T19,19,25,684.7,6.9,6.9,10.8,20.2,0.22,81.24,81.13,332.42,67.89,813.21,15.22,0.50,13.13,21.54,747.522,64.2380,81.7384,2219.47,1.74427,680.496,55.5688,73.8978,9379.74,8.7551,0.91034,0.86504,0.90408,82.59,-14.700,14.700,False,332.416,0.004
T19,20,25,684.7,6.9,6.9,10.8,20.2,0.22,84.28,84.16,337.77,70.30,776.21,15.22,0.50,13.13,19.62,735.405,62.5403,80.2280,2230.53,1.73877,665.198,53.8169,72.2674,9634.36,8.5140,0.90453,0.86052,0.90078,82.59,-12.290,12.290,False,337.778,-0.008
T20,1,25,684.7,6.9,6.9,10.8,30.1,0.21,35.82,35.71,257.77,32.73,3613.04,15.22,0.50,11.11,424.54,910.905,95.3945,107.4163,2028.56,1.80153,898.178,92.2237,105.0045,6316.26,29.5996,0.98603,0.96676,0.97755,82.59,-49.860,49.860,False,257.765,0.005
T20,2,25,684.7,6.9,6.9,10.8,30.1,0.21,39.16,39.05,262.31,34.96,2633.75,15.22,0.50,11.11,225.60,901.400,93.0108,105.6078,2039.77,1.79647,883.663,88.8046,102.3482,6478.13,21.9463,0.98032,0.95478,0.96914,82.59,-47.630,47.630,False,262.301,0.009
T20,3,25,684.7,6.9,6.9,10.8,30.1,0.21,43.14,43.03,266.84,37.18,1839.60,15.22,0.50,11.11,110.08,891.822,90.7019,103.8292,2051.22,1.79188,866.017,84.9047,99.2496,6643.04,15.5914,0.97106,0.93609,0.95589,82.59,-45.410,45.410,False,266.842,-0.002
T20,4,25,684.7,6.9,6.9,10.8,30.1,0.21,46.82,46.71,271.38,39.38,1469.65,15.22,0.50,11.11,70.27,882.215,88.4742,102.0885,2062.79,1.78770,849.360,81.4576,96.4515,6810.31,12.6683,0.96276,0.92069,0.94478,82.59,-43.210,43.210,False,271.368,0.012
T20,5,25,684.7,6.9,6.9,10.8,30.1,0.21,49.21,49.10,275.91,41.58,1430.51,15.22,0.50,11.11,66.58,872.490,86.3043,100.3700,2074.53,1.78381,838.367,79.2965,94.6700,6981.53,12.5421,0.96089,0.91880,0.94321,82.59,-41.010,41.010,False,275.919,-0.009
T20,6,25,684.7,6.9,6.9,10.8,30.1,0.21,52.03,51.91,280.44,43.75,1319.11,15.22,0.50,11.11,56.62,862.784,84.2186,98.6970,2086.24,1.78020,825.268,76.8308,92.6128,7154.43,11.7614,0.95652,0.91228,0.93835,82.59,-38.840,38.840,False,280.433,0.007
T20,7,25,684.7,6.9,6.9,10.8,30.1,0.21,54.98,54.87,284.98,45.92,1202.59,15.22,0.50,11.11,47.06,852.963,82.1852,97.0466,2098.06,1.77677,811.272,74.3182,90.4907,7331.44,10.9049,0.95112,0.90428,0.93245,82.59,-36.670,36.670,False,284.973,0.007
T20,8,25,684.7,6.9,6.9,10.8,30.1,0.21,57.75,57.64,289.51,48.08,1125.36,15.22,0.50,11.11,41.21,843.075,80.2115,95.4268,2109.92,1.77350,797.995,72.0431,88.5479,7511.84,10.3778,0.94653,0.89816,0.92791,82.59,-34.510,34.510,False,289.518,-0.008
T20,9,25,684.7,6.9,6.9,10.8,30.1,0.21,60.11,60.00,294.04,50.22,1100.81,15.22,0.50,11.11,39.44,833.168,78.3042,93.8451,2121.78,1.77041,786.553,70.1614,86.9264,7694.81,10.3225,0.94405,0.89601,0.92627,82.59,-32.370,32.370,False,294.046,-0.006
T20,10,25,684.7,6.9,6.9,10.8,30.1,0.21,62.72,62.61,298.58,52.35,1048.89,15.22,0.50,11.11,35.81,823.200,76.4519,92.2944,2133.71,1.76745,773.766,68.1398,85.1699,7881.25,10.0009,0.93995,0.89128,0.92281,82.59,-30.240,30.240,False,298.578,0.002
T20,11,25,684.7,6.9,6.9,10.8,30.1,0.21,66.24,66.13,303.11,54.47,923.18,15.22,0.50,11.11,27.75,813.175,74.6527,90.7747,2145.69,1.76461,756.321,65.5108,82.8638,8071.18,8.9496,0.93008,0.87754,0.91285,82.59,-28.120,28.120,False,303.114,-0.004
T20,12,25,684.7,6.9,6.9,10.8,30.1,0.21,69.11,69.00,307.65,56.58,866.09,15.22,0.50,11.11,24.42,803.096,72.9052,89.2864,2157.70,1.76183,741.950,63.4496,81.0383,8264.66,8.5361,0.92386,0.87030,0.90762,82.59,-26.010,26.010,False,307.654,-0.004
T20,13,25,684.7,6.9,6.9,10.8,30.1,0.21,71.37,71.26,312.18,58.67,854.84,15.22,0.50,11.11,23.79,793.016,71.2155,87.8364,2169.63,1.75908,730.560,61.8786,79.6363,8460.74,8.5643,0.92124,0.86889,0.90664,82.59,-23.920,23.920,False,312.176,0.004
T20,14,25,684.7,6.9,6.9,10.8,30.1,0.21,74.58,74.46,316.71,60.76,785.08,15.22,0.50,11.11,20.07,782.843,69.5664,86.4109,2181.48,1.75624,714.353,59.7336,77.7061,8661.31,7.9952,0.91251,0.85866,0.89926,82.59,-21.830,21.830,False,316.723,-0.013
T20,15,25,684.7,6.9,6.9,10.8,30.1,0.21,76.35,76.24,321.25,62.83,802.47,15.22,0.50,11.11,20.97,772.682,67.9722,85.0237,2193.04,1.75323,705.315,58.5813,76.6609,8864.44,8.3056,0.91281,0.86184,0.90164,82.59,-19.760,19.760,False,321.251,-0.001
T20,16,25,684.7,6.9,6.9,10.8,30.1,0.21,79.42,79.31,325.78,64.89,746.32,15.22,0.50,11.11,18.14,762.491,66.4243,83.6679,2204.20,1.74992,689.723,56.6635,74.9074,9071.02,7.8496,0.90457,0.85305,0.89529,82.59,-17.700,17.700,False,325.780,0.000
T20,17,25,684.7,6.9,6.9,10.8,30.1,0.21,81.72,81.60,330.31,66.94,734.09,15.22,0.50,11.11,17.56,752.277,64.9216,82.3436,2214.79,1.74619,678.117,55.2912,73.6407,9280.98,7.8452,0.90142,0.85166,0.89431,82.59,-15.650,15.650,False,330.309,0.001
T20,18,25,684.7,6.9,6.9,10.8,30.1,0.21,83.49,83.37,334.85,68.98,748.00,15.22,0.50,11.11,18.23,742.051,63.4637,81.0509,2224.63,1.74191,669.176,54.2651,72.6864,9494.18,8.1213,0.90179,0.85506,0.89680,82.59,-13.610,13.610,False,334.838,0.012
T20,19,25,684.7,6.9,6.9,10.8,30.1,0.21,86.33,86.22,339.38,71.02,708.03,15.22,0.50,11.11,16.33,731.772,62.0433,79.7837,2233.57,1.73692,654.867,52.6767,71.1954,9711.55,7.8094,0.89491,0.84903,0.89236,82.59,-11.570,11.570,False,339.385,-0.005
T20,20,25,684.7,6.9,6.9,10.8,30.1,0.21,89.39,89.27,343.92,73.04,663.15,15.22,0.50,11.11,14.33,721.554,60.6739,78.5546,2241.35,1.73117,639.714,51.0647,69.6630,9930.73,7.4289,0.88658,0.84163,0.88681,82.59,-9.550,9.550,False,343.905,0.015
T21,1,25,1355.2,7.7,7.4,12.9,34.2,0.64,37.79,37.66,264.32,35.85,7100.27,18.18,0.50,8.60,1372.81,897.574,92.0776,104.8921,2044.33,1.79458,889.736,90.2108,103.4476,12951.85,59.5682,0.99127,0.97973,0.98623,82.59,-46.740,46.740,False,264.119,0.201
T21,2,25,1355.2,7.7,7.4,12.9,34.2,0.64,39.48,39.35,267.62,37.46,6791.64,18.18,0.50,8.08,1256.06,890.606,90.4150,103.6065,2052.68,1.79133,882.346,88.5041,102.1121,13190.02,57.6860,0.99073,0.97887,0.98558,82.59,-45.130,45.130,False,267.417,0.203
T21,3,25,1355.2,7.7,7.4,12.9,34.2,0.64,41.93,41.80,270.92,39.06,4696.25,18.18,0.50,8.08,600.59,883.619,88.7945,102.3404,2061.10,1.78829,871.512,86.0904,100.1993,13430.74,40.3819,0.98630,0.96955,0.97908,82.59,-43.530,43.530,False,270.708,0.212
T21,4,25,1355.2,7.7,7.4,12.9,34.2,0.64,44.22,44.09,274.22,40.66,3746.41,18.18,0.50,8.08,382.23,876.571,87.2048,101.0859,2069.61,1.78541,861.253,83.8966,98.4369,13675.58,32.6142,0.98252,0.96206,0.97379,82.59,-41.930,41.930,False,274.012,0.208
T21,5,25,1355.2,7.7,7.4,12.9,34.2,0.64,46.19,46.06,277.52,42.25,3372.61,18.18,0.50,8.08,309.77,869.506,85.6546,99.8511,2078.14,1.78268,852.326,82.0558,96.9409,13923.08,29.7232,0.98024,0.95798,0.97086,82.59,-40.340,40.340,False,277.310,0.210
T21,6,25,1355.2,7.7,7.4,12.9,34.2,0.64,47.80,47.67,280.82,43.83,3352.12,18.18,0.50,8.08,306.01,862.424,84.1427,98.6358,2086.68,1.78007,844.961,80.5824,95.7325,14173.26,29.9067,0.97975,0.95769,0.97057,82.59,-38.760,38.760,False,280.600,0.220
T21,7,25,1355.2,7.7,7.4,12.9,34.2,0.64,49.61,49.48,284.11,45.41,3160.05,18.18,0.50,8.08,271.96,855.282,82.6585,97.4324,2095.27,1.77756,836.606,78.9584,94.3894,14427.75,28.5413,0.97816,0.95524,0.96877,82.59,-37.180,37.180,False,283.904,0.206
T21,8,25,1355.2,7.7,7.4,12.9,34.2,0.64,50.73,50.60,287.41,46.98,3552.50,18.18,0.50,8.08,343.69,848.125,81.2105,96.2488,2103.86,1.77515,831.398,77.9704,93.5667,14685.00,32.4804,0.98028,0.96010,0.97213,82.59,-35.610,35.610,False,287.200,0.210
T21,9,25,1355.2,7.7,7.4,12.9,34.2,0.64,51.80,51.67,290.71,48.55,4118.79,18.18,0.50,8.08,461.98,840.909,79.7886,95.0774,2112.51,1.77281,826.394,77.0383,92.7869,14946.70,38.1219,0.98274,0.96553,0.97591,82.59,-34.040,34.040,False,290.510,0.200
T21,10,25,1355.2,7.7,7.4,12.9,34.2,0.64,53.44,53.31,294.01,50.10,4008.27,18.18,0.50,8.08,437.52,833.727,78.4099,93.9332,2121.11,1.77058,818.673,75.6317,91.6033,15209.51,37.5509,0.98194,0.96457,0.97520,82.59,-32.490,32.490,False,293.791,0.219
T21,11,25,1355.2,7.7,7.4,12.9,34.2,0.64,55.64,55.51,297.31,51.66,3334.63,18.18,0.50,8.08,302.83,826.441,77.0469,92.7941,2129.83,1.76840,808.219,73.7861,90.0381,15478.56,31.6235,0.97795,0.95768,0.97030,82.59,-30.930,30.930,False,297.107,0.203
T21,12,25,1355.2,7.7,7.4,12.9,34.2,0.64,57.44,57.30,300.61,53.20,3133.45,18.18,0.50,8.08,267.40,819.193,75.7252,91.6822,2138.50,1.76630,799.634,72.3185,88.7841,15748.72,30.0760,0.97612,0.95501,0.96839,82.59,-29.390,29.390,False,300.393,0.217
T21,13,25,1355.2,7.7,7.4,12.9,34.2,0.64,59.15,59.02,303.91,54.74,3007.26,18.18,0.50,8.08,246.30,811.891,74.4267,90.5829,2147.22,1.76425,791.318,70.9365,87.5959,16023.49,29.2151,0.97466,0.95311,0.96702,82.59,-27.850,27.850,False,303.693,0.217
T21,14,25,1355.2,7.7,7.4,12.9,34.2,0.64,61.60,61.46,307.21,56.28,2477.60,18.18,0.50,8.08,167.19,804.535,73.1510,89.4965,2155.99,1.76222,779.417,69.0229,85.9390,16302.93,24.3617,0.96878,0.94357,0.96025,82.59,-26.310,26.310,False,307.007,0.203
T21,15,25,1355.2,7.7,7.4,12.9,34.2,0.64,62.66,62.53,310.51,57.80,2719.65,18.18,0.50,8.08,201.45,797.223,71.9139,88.4370,2164.66,1.76023,774.160,68.2009,85.2232,16583.38,27.0621,0.97107,0.94837,0.96366,82.59,-24.790,24.790,False,310.291,0.219
T21,16,25,1355.2,7.7,7.4,12.9,34.2,0.64,63.95,63.81,313.81,59.32,2862.75,18.18,0.50,8.08,223.20,789.862,70.6983,87.3904,2173.33,1.75821,767.843,67.2311,84.3756,16868.52,28.8272,0.97212,0.95096,0.96550,82.59,-23.270,23.270,False,313.587,0.223
T21,17,25,1355.2,7.7,7.4,12.9,34.2,0.64,65.95,65.81,317.10,60.84,2582.72,18.18,0.50,8.08,181.68,782.452,69.5040,86.3568,2181.94,1.75612,757.915,65.7452,83.0704,17158.37,26.3186,0.96864,0.94592,0.96194,82.59,-21.750,21.750,False,316.897,0.203
T21,18,25,1355.2,7.7,7.4,12.9,34.2,0.64,66.28,66.14,320.40,62.35,3385.24,18.18,0.50,8.08,312.09,775.046,68.3384,85.3431,2190.39,1.75395,756.271,65.5035,82.8574,17451.03,34.9063,0.97578,0.95852,0.97087,82.59,-20.240,20.240,False,320.199,0.201
T21,19,25,1355.2,7.7,7.4,12.9,34.2,0.64,68.14,68.01,323.70,63.85,3092.84,18.18,0.50,8.08,260.51,767.645,67.2010,84.3492,2198.62,1.75164,746.920,64.1523,81.6624,17746.40,32.2670,0.97300,0.95463,0.96815,82.59,-18.740,18.740,False,323.490,0.210
T21,20,25,1355.2,7.7,7.4,12.9,34.2,0.64,70.33,70.20,327.00,65.35,2649.03,18.18,0.50,8.08,191.12,760.205,66.0838,83.3685,2206.63,1.74913,735.909,62.6097,80.2900,18046.42,27.9619,0.96804,0.94743,0.96307,82.59,-17.240,17.240,False,326.794,0.206
T22,1,30,650.1,6.1,6.0,8.3,20.1,0.18,29.03,28.95,237.03,22.84,1358.61,11.73,0.50,9.97,77.89,974.420,113.9455,121.0685,1908.42,1.79613,951.903,106.7467,116.1336,5020.71,9.8752,0.97689,0.93682,0.95924,86.83,-63.990,63.990,False,237.026,0.004
T22,2,30,650.1,6.1,6.0,8.3,20.1,0.18,32.41,32.32,241.10,24.97,1128.61,11.73,0.50,9.97,53.76,966.627,111.3662,119.3296,1913.78,1.78606,939.267,103.0272,113.4827,5137.00,8.3230,0.97170,0.92512,0.95100,86.83,-61.860,61.860,False,241.097,0.003
T22,3,30,650.1,6.1,6.0,8.3,20.1,0.18,36.52,36.43,245.17,27.09,888.40,11.73,0.50,9.97,33.32,958.811,108.8740,117.6185,1919.28,1.77658,923.646,98.7125,110.3198,5254.59,6.6468,0.96332,0.90667,0.93795,86.83,-59.740,59.740,False,245.160,0.010
T22,4,30,650.1,6.1,6.0,8.3,20.1,0.18,39.93,39.84,249.24,29.21,780.47,11.73,0.50,9.97,25.72,950.934,106.4536,115.9272,1924.93,1.76763,910.508,95.3054,107.7552,5374.06,5.9245,0.95749,0.89528,0.92951,86.83,-57.620,57.620,False,249.235,0.005
T22,5,30,650.1,6.1,6.0,8.3,20.1,0.18,43.15,43.06,253.31,31.32,706.74,11.73,0.50,9.97,21.10,943.033,104.1133,114.2639,1930.72,1.75920,897.956,92.2230,105.3843,5494.86,5.4429,0.95220,0.88579,0.92229,86.83,-55.510,55.510,False,253.302,0.008
T22,6,30,650.1,6.1,6.0,8.3,20.1,0.18,46.02,45.93,257.38,33.43,663.49,11.73,0.50,9.97,18.60,935.071,101.8386,112.6208,1936.64,1.75122,886.649,89.5801,103.3134,5617.60,5.1844,0.94822,0.87963,0.91736,86.83,-53.400,53.400,False,257.382,-0.002
T22,7,30,650.1,6.1,6.0,8.3,20.1,0.18,49.01,48.93,261.45,35.53,619.06,11.73,0.50,9.97,16.19,927.087,99.6374,111.0057,1942.63,1.74368,874.714,86.9176,101.1922,5741.70,4.9076,0.94351,0.87234,0.91159,86.83,-51.300,51.300,False,261.455,-0.005
T22,8,30,650.1,6.1,6.0,8.3,20.1,0.18,51.65,51.56,265.52,37.62,594.97,11.73,0.50,9.97,14.96,919.080,97.5063,109.4186,1948.68,1.73653,864.155,84.6641,99.3699,5867.19,4.7851,0.94024,0.86829,0.90816,86.83,-49.210,49.210,False,265.522,-0.002
T22,9,30,650.1,6.1,6.0,8.3,20.1,0.18,53.88,53.80,269.59,39.70,588.55,11.73,0.50,9.97,14.64,911.051,95.4424,107.8594,1954.75,1.72971,855.095,82.8018,97.8459,5994.07,4.8018,0.93858,0.86756,0.90716,86.83,-47.130,47.130,False,269.581,0.009
T22,10,30,650.1,6.1,6.0,8.3,20.1,0.18,56.55,56.46,273.66,41.78,565.22,11.73,0.50,9.97,13.50,902.963,93.4331,106.3208,1960.83,1.72315,844.258,80.6560,96.0700,6122.97,4.6782,0.93499,0.86325,0.90359,86.83,-45.050,45.050,False,273.654,0.006
T22,11,30,650.1,6.1,6.0,8.3,20.1,0.18,59.87,59.78,277.72,43.85,520.85,11.73,0.50,9.97,11.47,894.855,91.4859,104.8102,1966.88,1.71683,830.621,78.0741,93.9060,6253.29,4.3731,0.92822,0.85340,0.89596,86.83,-42.980,42.980,False,277.719,0.001
T22,12,30,650.1,6.1,6.0,8.3,20.1,0.18,62.60,62.51,281.79,45.92,500.03,11.73,0.50,9.97,10.57,886.689,89.5891,103.3205,1972.90,1.71070,819.321,76.0280,92.1708,6385.69,4.2588,0.92402,0.84863,0.89209,86.83,-40.910,40.910,False,281.797,-0.007
T22,13,30,650.1,6.1,6.0,8.3,20.1,0.18,65.22,65.13,285.86,47.98,483.70,11.73,0.50,9.97,9.89,878.506,87.7500,101.8590,1978.85,1.70475,808.409,74.1273,90.5435,6519.52,4.1789,0.92021,0.84476,0.88891,86.83,-38.850,38.850,False,285.867,-0.007
T22,14,30,650.1,6.1,6.0,8.3,20.1,0.18,67.38,67.29,289.93,50.03,480.61,11.73,0.50,9.97,9.77,870.308,85.9661,100.4257,1984.74,1.69897,799.368,72.6054,89.2300,6654.81,4.2114,0.91849,0.84458,0.88852,86.83,-36.800,36.800,False,289.930,0.000
T22,15,30,650.1,6.1,6.0,8.3,20.1,0.18,70.04,69.95,294.00,52.08,464.18,11.73,0.50,9.97,9.11,862.058,84.2272,99.0138,1990.59,1.69331,788.184,70.7858,87.6477,6792.20,4.1255,0.91431,0.84041,0.88521,86.83,-34.750,34.750,False,294.004,-0.004
T22,16,30,650.1,6.1,6.0,8.3,20.1,0.18,72.31,72.23,298.07,54.12,458.19,11.73,0.50,9.97,8.88,853.796,82.5400,97.6303,1996.37,1.68780,778.561,69.2729,86.3225,6931.04,4.1299,0.91188,0.83927,0.88418,86.83,-32.710,32.710,False,298.071,-0.001
T22,17,30,650.1,6.1,6.0,8.3,20.1,0.18,74.28,74.19,302.14,56.16,460.00,11.73,0.50,9.97,8.95,845.485,80.8945,96.2685,2002.12,1.68239,770.266,68.0063,85.2064,7072.02,4.2049,0.91103,0.84068,0.88509,86.83,-30.670,30.670,False,302.149,-0.009
T22,18,30,650.1,6.1,6.0,8.3,20.1,0.18,76.40,76.32,306.21,58.19,457.59,11.73,0.50,9.97,8.86,837.167,79.2975,94.9351,2007.81,1.67709,761.234,66.6648,84.0178,7214.45,4.2416,0.90930,0.84069,0.88500,86.83,-28.640,28.640,False,306.219,-0.009
T22,19,30,650.1,6.1,6.0,8.3,20.1,0.18,78.96,78.88,310.28,60.21,444.44,11.73,0.50,9.97,8.36,828.846,77.7472,93.6300,2013.42,1.67187,750.363,65.1002,82.6230,7358.31,4.1772,0.90531,0.83733,0.88244,86.83,-26.620,26.620,False,310.281,-0.001
T22,20,30,650.1,6.1,6.0,8.3,20.1,0.18,81.97,81.88,314.35,62.23,422.07,11.73,0.50,9.97,7.54,820.484,76.2347,92.3469,2018.95,1.66670,737.618,63.3322,81.0353,7504.30,4.0220,0.89900,0.83075,0.87751,86.83,-24.600,24.600,False,314.354,-0.004
T23,1,30,650.1,7.4,7.2,12.4,19.8,0.20,33.97,33.85,239.32,24.04,1232.11,17.09,0.50,15.83,44.02,970.037,112.4829,120.0864,1911.42,1.79039,933.479,101.3934,112.2962,5086.00,9.0290,0.96231,0.90141,0.93513,86.83,-62.790,62.790,False,239.318,0.002
T23,2,30,650.1,7.4,7.2,12.4,19.8,0.20,38.85,38.73,245.79,27.42,1068.25,17.09,0.50,15.83,33.10,957.589,108.4926,117.3539,1920.15,1.77516,914.802,96.3979,108.5840,5273.06,8.0105,0.95532,0.88852,0.92527,86.83,-59.410,59.410,False,245.793,-0.003
T23,3,30,650.1,7.4,7.2,12.4,19.8,0.20,44.95,44.82,252.25,30.77,860.10,17.09,0.50,15.83,21.47,945.098,104.7169,114.6956,1929.20,1.76135,891.035,90.5909,104.1095,5463.19,6.5991,0.94280,0.86510,0.90770,86.83,-56.060,56.060,False,252.241,0.009
T23,4,30,650.1,7.4,7.2,12.4,19.8,0.20,49.22,49.10,258.71,34.12,806.47,17.09,0.50,15.83,18.88,932.455,101.1086,112.0879,1938.60,1.74870,874.034,86.7697,101.0733,5658.16,6.3316,0.93735,0.85818,0.90173,86.83,-52.710,52.710,False,258.719,-0.009
T23,5,30,650.1,7.4,7.2,12.4,19.8,0.20,54.08,53.95,265.18,37.44,731.72,17.09,0.50,15.83,15.55,919.772,97.6876,109.5545,1948.16,1.73714,854.486,82.6789,97.7448,5856.30,5.8776,0.92902,0.84636,0.89220,86.83,-49.390,49.390,False,265.171,0.009
T23,6,30,650.1,7.4,7.2,12.4,19.8,0.20,58.35,58.22,271.64,40.75,691.61,17.09,0.50,15.83,13.89,906.975,94.4214,107.0801,1957.82,1.72637,837.044,79.2742,94.9155,6058.88,5.6838,0.92290,0.83958,0.88640,86.83,-46.080,46.080,False,271.636,0.004
T23,7,30,650.1,7.4,7.2,12.4,19.8,0.20,63.06,62.94,278.10,44.05,639.46,17.09,0.50,15.83,11.88,894.068,91.3004,104.6654,1967.46,1.71623,817.535,75.7118,91.9012,6265.99,5.3764,0.91440,0.82926,0.87805,86.83,-42.780,42.780,False,278.112,-0.012
T23,8,30,650.1,7.4,7.2,12.4,19.8,0.20,66.57,66.44,284.57,47.32,631.88,17.09,0.50,15.83,11.60,881.134,88.3340,102.3250,1976.95,1.70664,802.930,73.1995,89.7438,6476.42,5.4342,0.91125,0.82867,0.87705,86.83,-39.510,39.510,False,284.561,0.009
T23,9,30,650.1,7.4,7.2,12.4,19.8,0.20,70.29,70.17,291.03,50.58,616.89,17.09,0.50,15.83,11.06,868.100,85.4953,100.0448,1986.31,1.69744,787.257,70.6379,87.5186,6691.46,5.4262,0.90687,0.82622,0.87479,86.83,-36.250,36.250,False,291.022,0.008
T23,10,30,650.1,7.4,7.2,12.4,19.8,0.20,74.08,73.96,297.49,53.83,600.28,17.09,0.50,15.83,10.47,854.973,82.7772,97.8257,1995.55,1.68858,771.240,68.1533,85.3363,6911.18,5.3999,0.90206,0.82333,0.87233,86.83,-33.000,33.000,False,297.492,-0.002
T23,11,30,650.1,7.4,7.2,12.4,19.8,0.20,78.87,78.75,303.96,57.06,557.07,17.09,0.50,15.83,9.03,841.803,80.1816,95.6746,2004.65,1.68003,750.915,65.1785,82.6929,7134.90,5.1238,0.89203,0.81289,0.86431,86.83,-29.770,29.770,False,303.952,0.008
T23,12,30,650.1,7.4,7.2,12.4,19.8,0.20,82.94,82.81,310.42,60.28,536.13,17.09,0.50,15.83,8.36,828.557,77.6942,93.5852,2013.61,1.67169,733.670,62.7983,80.5535,7363.33,5.0413,0.88548,0.80828,0.86075,86.83,-26.550,26.550,False,310.422,-0.002
T23,13,30,650.1,7.4,7.2,12.4,19.8,0.20,87.43,87.30,316.88,63.48,507.17,17.09,0.50,15.83,7.49,815.288,75.3172,91.5640,2022.33,1.66350,714.649,60.3149,78.2966,7595.72,4.8743,0.87656,0.80081,0.85510,86.83,-23.350,23.350,False,316.879,0.001
T23,14,30,650.1,7.4,7.2,12.4,19.8,0.20,91.39,91.26,323.35,66.67,491.28,17.09,0.50,15.83,7.03,801.967,73.0382,89.6044,2030.71,1.65527,697.983,58.2529,76.4018,7832.73,4.8248,0.87034,0.79757,0.85266,86.83,-20.160,20.160,False,323.344,0.006
T23,15,30,650.1,7.4,7.2,12.4,19.8,0.20,94.63,94.51,329.81,69.85,489.94,17.09,0.50,15.83,6.99,788.605,70.8531,87.7065,2038.57,1.64685,684.426,56.6496,74.9138,8074.28,4.9158,0.86789,0.79954,0.85414,86.83,-16.980,16.980,False,329.814,-0.004
T23,16,30,650.1,7.4,7.2,12.4,19.8,0.20,98.28,98.15,336.27,73.01,480.50,17.09,0.50,15.83,6.72,775.262,68.7651,85.8758,2045.65,1.63806,669.413,54.9481,73.3188,8319.45,4.9239,0.86347,0.79907,0.85378,86.83,-13.820,13.820,False,336.268,0.002
T23,17,30,650.1,7.4,7.2,12.4,19.8,0.20,102.58,102.45,342.74,76.17,459.59,17.09,0.50,15.83,6.15,761.870,66.7581,84.1007,2051.76,1.62866,651.970,53.0642,71.5314,8569.56,4.8090,0.85575,0.79487,0.85054,86.83,-10.660,10.660,False,342.742,-0.002
T23,18,30,650.1,7.4,7.2,12.4,19.8,0.20,104.94,104.82,349.20,79.31,473.70,17.09,0.50,15.83,6.54,748.536,64.8425,82.3923,2056.60,1.61854,642.513,52.0832,70.5904,8822.73,5.0594,0.85836,0.80323,0.85676,86.83,-7.520,7.520,False,349.192,0.008
T23,19,30,650.1,7.4,7.2,12.4,19.8,0.20,108.84,108.72,355.66,82.45,459.94,17.09,0.50,15.83,6.16,735.198,63.0042,80.7395,2059.96,1.60747,627.225,50.5550,69.1087,9080.16,5.0130,0.85314,0.80241,0.85595,86.83,-4.380,4.380,True,355.656,0.004
T23,20,30,650.1,7.4,7.2,12.4,19.8,0.20,112.76,112.64,362.13,85.59,446.61,17.09,0.50,15.83,5.81,721.882,61.2424,79.1426,2061.62,1.59533,612.235,49.1242,67.7013,9341.37,4.9659,0.84811,0.80213,0.85543,86.83,-1.240,1.240,True,362.127,0.003
T24,1,30,921.5,7.4,7.4,12.4,20.1,0.33,27.86,27.73,237.68,23.18,2736.08,17.58,0.50,11.50,210.77,973.180,113.5286,120.7896,1909.26,1.79449,956.439,108.1359,117.1058,7142.87,19.9334,0.98280,0.95250,0.96950,86.83,-63.650,63.650,False,237.675,0.005
T24,2,30,921.5,7.4,7.4,12.4,20.1,0.33,33.11,32.98,242.38,25.64,1694.33,17.58,0.50,11.50,80.85,964.164,110.5706,118.7867,1915.50,1.78301,936.775,102.3183,112.9695,7333.96,12.5520,0.97159,0.92537,0.95103,86.83,-61.190,61.190,False,242.379,0.001
T24,3,30,921.5,7.4,7.4,12.4,20.1,0.33,37.53,37.40,247.07,28.08,1334.91,17.58,0.50,11.50,50.20,955.140,107.7349,116.8262,1921.90,1.77234,919.925,97.7279,109.5847,7526.99,10.0553,0.96313,0.90711,0.93802,86.83,-58.750,58.750,False,247.061,0.009
T24,4,30,921.5,7.4,7.4,12.4,20.1,0.33,40.14,40.01,251.76,30.52,1309.68,17.58,0.50,11.50,48.32,946.036,104.9927,114.8922,1928.51,1.76234,909.849,95.1395,107.6288,7723.58,10.0313,0.96175,0.90615,0.93678,86.83,-56.310,56.310,False,251.759,0.001
T24,5,30,921.5,7.4,7.4,12.4,20.1,0.33,42.59,42.46,256.45,32.95,1307.09,17.58,0.50,11.50,48.13,936.888,102.3504,112.9928,1935.28,1.75300,900.305,92.7878,105.8223,7922.98,10.1798,0.96095,0.90657,0.93654,86.83,-53.880,53.880,False,256.453,-0.003
T24,6,30,921.5,7.4,7.4,12.4,20.1,0.33,45.26,45.13,261.15,35.37,1273.75,17.58,0.50,11.50,45.71,927.697,99.8029,111.1281,1942.17,1.74425,889.812,90.3072,103.8866,8125.21,10.0866,0.95916,0.90485,0.93484,86.83,-51.460,51.460,False,261.145,0.005
T24,7,30,921.5,7.4,7.4,12.4,20.1,0.33,47.22,47.10,265.84,37.78,1335.06,17.58,0.50,11.50,50.21,918.464,97.3456,109.2980,1949.15,1.73600,882.008,88.5298,102.4808,8330.32,10.7491,0.96031,0.90944,0.93763,86.83,-49.050,49.050,False,265.834,0.006
T24,8,30,921.5,7.4,7.4,12.4,20.1,0.33,49.72,49.59,270.53,40.19,1322.05,17.58,0.50,11.50,49.24,909.151,94.9642,107.4951,1956.18,1.72815,872.072,86.3452,100.7316,8539.22,10.8229,0.95922,0.90924,0.93708,86.83,-46.640,46.640,False,270.540,-0.010
T24,9,30,921.5,7.4,7.4,12.4,20.1,0.33,51.71,51.59,275.23,42.58,1380.89,17.58,0.50,11.50,53.71,899.836,92.6745,105.7345,1963.17,1.72069,864.034,84.6388,99.3494,8750.20,11.4928,0.96021,0.91329,0.93961,86.83,-44.250,44.250,False,275.223,0.007
T24,10,30,921.5,7.4,7.4,12.4,20.1,0.33,54.21,54.08,279.92,44.97,1364.48,17.58,0.50,11.50,52.45,890.443,90.4535,104.0016,1970.14,1.71349,853.958,82.5726,97.6572,8965.05,11.5454,0.95903,0.91287,0.93900,86.83,-41.860,41.860,False,279.924,-0.004
T24,11,30,921.5,7.4,7.4,12.4,20.1,0.33,56.27,56.15,284.61,47.35,1412.84,17.58,0.50,11.50,56.23,881.014,88.3074,102.3037,1977.04,1.70655,845.526,80.9025,96.2751,9182.92,12.1530,0.95972,0.91615,0.94107,86.83,-39.480,39.480,False,284.621,-0.011
T24,12,30,921.5,7.4,7.4,12.4,20.1,0.33,58.50,58.37,289.30,49.71,1436.23,17.58,0.50,11.50,58.10,871.592,86.2416,100.6481,1983.82,1.69986,836.428,79.1578,94.8179,9402.89,12.5574,0.95966,0.91786,0.94207,86.83,-37.120,37.120,False,289.295,0.005
T24,13,30,921.5,7.4,7.4,12.4,20.1,0.33,61.09,60.97,294.00,52.08,1398.68,17.58,0.50,11.50,55.11,862.058,84.2272,99.0138,1990.59,1.69331,825.705,77.1738,93.1447,9627.77,12.4310,0.95783,0.91626,0.94072,86.83,-34.750,34.750,False,294.004,-0.004
T24,14,30,921.5,7.4,7.4,12.4,20.1,0.33,62.99,62.86,298.69,54.43,1474.44,17.58,0.50,11.50,61.23,852.536,82.2873,97.4219,1997.25,1.68697,817.867,75.7705,91.9513,9854.75,13.3184,0.95933,0.92081,0.94385,86.83,-32.400,32.400,False,298.690,0.000
T24,15,30,921.5,7.4,7.4,12.4,20.1,0.33,65.44,65.32,303.38,56.78,1455.93,17.58,0.50,11.50,59.71,842.949,80.4026,95.8589,2003.86,1.68076,807.615,73.9918,90.4269,10085.75,13.3657,0.95808,0.92027,0.94333,86.83,-30.050,30.050,False,303.391,-0.011
T24,16,30,921.5,7.4,7.4,12.4,20.1,0.33,68.21,68.08,308.08,59.11,1387.19,17.58,0.50,11.50,54.21,833.383,78.5867,94.3380,2010.37,1.67471,796.051,72.0588,88.7560,10318.79,12.9399,0.95520,0.91693,0.94083,86.83,-27.720,27.720,False,308.068,0.012
T24,17,30,921.5,7.4,7.4,12.4,20.1,0.33,69.67,69.54,312.77,61.44,1535.72,17.58,0.50,11.50,66.43,823.759,76.8218,92.8461,2016.80,1.66872,789.911,71.0624,87.8890,10555.86,14.5556,0.95891,0.92503,0.94661,86.83,-25.390,25.390,False,312.760,0.010
T24,18,30,921.5,7.4,7.4,12.4,20.1,0.33,72.92,72.79,317.46,63.77,1378.17,17.58,0.50,11.50,53.50,814.081,75.1063,91.3835,2023.11,1.66275,776.193,68.9078,86.0015,10796.96,13.2714,0.95346,0.91747,0.94110,86.83,-23.060,23.060,False,317.466,-0.006
T24,19,30,921.5,7.4,7.4,12.4,20.1,0.33,75.14,75.01,322.15,66.08,1393.04,17.58,0.50,11.50,54.66,804.437,73.4530,89.9626,2029.20,1.65681,766.791,67.4856,84.7459,11039.98,13.6265,0.95320,0.91876,0.94201,86.83,-20.750,20.750,False,322.146,0.004
T24,20,30,921.5,7.4,7.4,12.4,20.1,0.33,76.96,76.83,326.85,68.39,1474.11,17.58,0.50,11.50,61.21,794.749,71.8457,88.5709,2035.04,1.65075,759.069,66.3490,83.7370,11286.96,14.6461,0.95511,0.92349,0.94542,86.83,-18.440,18.440,False,326.841,0.009
T25,1,30,754.9,6.7,6.6,10.0,20.2,0.23,31.20,31.09,236.51,22.57,1168.78,14.09,0.50,11.61,48.01,975.404,114.2781,121.2904,1907.75,1.79745,943.897,104.3652,114.4443,5813.12,8.4799,0.96770,0.91326,0.94356,86.83,-64.260,64.260,False,236.511,-0.001
T25,2,30,754.9,6.7,6.6,10.0,20.2,0.23,35.44,35.34,241.25,25.05,968.67,14.09,0.50,11.61,32.98,966.333,111.2708,119.2647,1913.98,1.78569,927.812,99.8340,111.1510,5970.23,7.1474,0.96014,0.89722,0.93197,86.83,-61.780,61.780,False,241.250,0.000
T25,3,30,754.9,6.7,6.6,10.0,20.2,0.23,40.08,39.98,245.98,27.52,799.82,14.09,0.50,11.61,22.50,957.218,108.3773,117.2738,1920.41,1.77473,909.965,95.1687,107.6511,6129.62,6.0017,0.95064,0.87812,0.91795,86.83,-59.310,59.310,False,245.985,-0.005
T25,4,30,754.9,6.7,6.6,10.0,20.2,0.23,44.45,44.35,250.72,29.98,693.83,14.09,0.50,11.61,16.94,948.058,105.5918,115.3179,1927.03,1.76450,892.887,91.0232,104.4485,6291.32,5.2947,0.94181,0.86203,0.90574,86.83,-56.850,56.850,False,250.718,0.002
T25,5,30,754.9,6.7,6.6,10.0,20.2,0.23,48.60,48.50,255.46,32.44,620.39,14.09,0.50,11.61,13.55,938.815,102.8979,113.3892,1933.84,1.75491,876.432,87.2932,101.4934,6456.03,4.8148,0.93355,0.84835,0.89509,86.83,-54.390,54.390,False,255.466,-0.006
T25,6,30,754.9,6.7,6.6,10.0,20.2,0.23,52.28,52.17,260.20,34.88,576.39,14.09,0.50,11.61,11.70,929.565,100.3122,111.5035,1940.77,1.74598,861.694,84.1519,98.9523,6622.45,4.5489,0.92699,0.83890,0.88744,86.83,-51.950,51.950,False,260.193,0.007
T25,7,30,754.9,6.7,6.6,10.0,20.2,0.23,56.10,56.00,264.94,37.32,533.44,14.09,0.50,11.61,10.02,920.233,97.8086,109.6452,1947.81,1.73754,846.138,81.0221,96.3745,6791.96,4.2813,0.91948,0.82837,0.87897,86.83,-49.510,49.510,False,264.937,0.003
T25,8,30,754.9,6.7,6.6,10.0,20.2,0.23,59.21,59.11,269.68,39.75,514.66,14.09,0.50,11.61,9.33,910.857,95.3934,107.8222,1954.90,1.72955,833.383,78.5867,94.3380,6963.92,4.2004,0.91494,0.82382,0.87494,86.83,-47.080,47.080,False,269.679,0.001
T25,9,30,754.9,6.7,6.6,10.0,20.2,0.23,62.24,62.14,274.41,42.17,498.93,14.09,0.50,11.61,8.77,901.439,93.0623,106.0346,1961.98,1.72195,820.857,76.3013,92.4036,7138.36,4.1407,0.91061,0.81989,0.87145,86.83,-44.660,44.660,False,274.419,-0.009
T25,10,30,754.9,6.7,6.6,10.0,20.2,0.23,65.53,65.43,279.15,44.58,477.94,14.09,0.50,11.61,8.05,891.981,90.8113,104.2825,1969.01,1.71465,807.155,73.9135,90.3595,7315.30,4.0332,0.90490,0.81392,0.86649,86.83,-42.250,42.250,False,279.155,-0.005
T25,11,30,754.9,6.7,6.6,10.0,20.2,0.23,69.61,69.51,283.89,46.98,442.33,14.09,0.50,11.61,6.90,882.485,88.6368,102.5658,1975.97,1.70762,790.037,71.0827,87.9067,7494.76,3.7951,0.89524,0.80195,0.85708,86.83,-39.850,39.850,False,283.889,0.001
T25,12,30,754.9,6.7,6.6,10.0,20.2,0.23,73.29,73.19,288.63,49.37,418.51,14.09,0.50,11.61,6.18,872.953,86.5355,100.8849,1982.85,1.70082,774.500,68.6486,85.7732,7676.76,3.6506,0.88722,0.79330,0.85021,86.83,-37.460,37.460,False,288.620,0.010
T25,13,30,754.9,6.7,6.6,10.0,20.2,0.23,76.42,76.31,293.37,51.76,405.86,14.09,0.50,11.61,5.81,863.349,84.4958,99.2328,1989.68,1.69419,761.276,66.6711,84.0234,7862.08,3.5992,0.88177,0.78905,0.84673,86.83,-35.070,35.070,False,293.367,0.003
T25,14,30,754.9,6.7,6.6,10.0,20.2,0.23,80.02,79.91,298.10,54.14,386.60,14.09,0.50,11.61,5.28,853.715,82.5236,97.6168,1996.43,1.68775,745.987,64.4853,82.0721,8049.96,3.4851,0.87381,0.78142,0.84076,86.83,-32.690,32.690,False,298.111,-0.011
T25,15,30,754.9,6.7,6.6,10.0,20.2,0.23,83.02,82.91,302.84,56.51,377.37,14.09,0.50,11.61,5.03,844.054,80.6164,96.0370,2003.11,1.68147,733.245,62.7413,80.5020,8240.41,3.4579,0.86872,0.77827,0.83824,86.83,-30.320,30.320,False,302.850,-0.010
T25,16,30,754.9,6.7,6.6,10.0,20.2,0.23,86.13,86.02,307.58,58.87,366.96,14.09,0.50,11.61,4.76,834.371,78.7714,94.4933,2009.70,1.67533,720.061,61.0070,78.9283,8433.42,3.4174,0.86300,0.77448,0.83528,86.83,-27.960,27.960,False,307.585,-0.005
T25,17,30,754.9,6.7,6.6,10.0,20.2,0.23,89.39,89.29,312.32,61.22,355.02,14.09,0.50,11.61,4.46,824.670,76.9863,92.9857,2016.20,1.66928,706.257,59.2637,77.3332,8628.96,3.3598,0.85641,0.76980,0.83167,86.83,-25.610,25.610,False,312.316,0.004
T25,18,30,754.9,6.7,6.6,10.0,20.2,0.23,91.97,91.86,317.06,63.57,352.19,14.09,0.50,11.61,4.38,814.914,75.2517,91.5079,2022.57,1.66327,695.471,57.9509,76.1225,8827.87,3.3869,0.85343,0.77009,0.83187,86.83,-23.260,23.260,False,317.061,-0.001
T25,19,30,754.9,6.7,6.6,10.0,20.2,0.23,95.00,94.90,321.79,65.91,343.76,14.09,0.50,11.61,4.18,805.148,73.5731,90.0662,2028.76,1.65725,682.808,56.4626,74.7393,9029.28,3.3587,0.84805,0.76744,0.82983,86.83,-20.920,20.920,False,321.802,-0.012
T25,20,30,754.9,6.7,6.6,10.0,20.2,0.23,98.70,98.60,326.53,68.24,328.27,14.09,0.50,11.61,3.81,795.379,71.9487,88.6604,2034.67,1.65115,667.572,54.7446,73.1269,9233.13,3.2582,0.83931,0.76088,0.82480,86.83,-18.590,18.590,False,326.536,-0.006
T26,1,30,754.9,6.7,6.6,10.0,30.0,0.24,39.32,39.22,257.34,33.41,1716.24,14.09,0.50,11.25,103.48,935.147,101.8599,112.6363,1936.58,1.75130,912.909,95.9137,108.2174,6521.82,13.4086,0.97622,0.94162,0.96077,86.83,-53.420,53.420,False,257.344,-0.004
T26,2,30,754.9,6.7,6.6,10.0,30.0,0.24,43.48,43.38,261.93,35.78,1311.32,14.09,0.50,11.25,60.42,926.132,99.3794,110.8148,1943.35,1.74281,896.701,91.9235,105.1514,6684.61,10.4134,0.96822,0.92498,0.94889,86.83,-51.050,51.050,False,261.941,-0.011
T26,3,30,754.9,6.7,6.6,10.0,30.0,0.24,48.15,48.05,266.52,38.13,1005.36,14.09,0.50,11.25,35.53,917.116,96.9951,109.0344,1950.17,1.73483,878.227,87.6883,101.8097,6848.93,8.1141,0.95760,0.90405,0.93374,86.83,-48.700,48.700,False,266.516,0.004
T26,4,30,754.9,6.7,6.6,10.0,30.0,0.24,52.58,52.48,271.12,40.48,830.90,14.09,0.50,11.25,24.28,908.025,94.6826,107.2800,1957.03,1.72723,860.442,83.8930,98.7408,7016.20,6.8157,0.94760,0.88604,0.92040,86.83,-46.350,46.350,False,271.107,0.013
T26,5,30,754.9,6.7,6.6,10.0,30.0,0.24,56.72,56.62,275.71,42.83,722.48,14.09,0.50,11.25,18.36,898.857,92.4390,105.5520,1963.90,1.71992,843.604,80.5292,95.9644,7186.49,6.0234,0.93853,0.87116,0.90917,86.83,-44.000,44.000,False,275.714,-0.004
T26,6,30,754.9,6.7,6.6,10.0,30.0,0.24,60.39,60.28,280.30,45.16,658.90,14.09,0.50,11.25,15.28,889.693,90.2798,103.8650,1970.69,1.71293,828.557,77.6942,93.5852,7358.37,5.5826,0.93128,0.86059,0.90103,86.83,-41.670,41.670,False,280.298,0.002
T26,7,30,754.9,6.7,6.6,10.0,30.0,0.24,64.16,64.06,284.89,47.49,601.23,14.09,0.50,11.25,12.72,880.457,88.1831,102.2047,1977.44,1.70615,812.873,74.8962,91.2036,7533.32,5.1767,0.92324,0.84933,0.89236,86.83,-39.340,39.340,False,284.898,-0.008
T26,8,30,754.9,6.7,6.6,10.0,30.0,0.24,67.24,67.14,289.48,49.80,574.97,14.09,0.50,11.25,11.64,871.231,86.1640,100.5855,1984.08,1.69961,799.997,72.7098,89.3204,7709.85,5.0303,0.91824,0.84385,0.88800,86.83,-37.030,37.030,False,289.473,0.007
T26,9,30,754.9,6.7,6.6,10.0,30.0,0.24,70.31,70.20,294.07,52.11,550.89,14.09,0.50,11.25,10.69,861.936,84.2021,98.9933,1990.67,1.69323,787.130,70.6178,87.5010,7889.50,4.8971,0.91321,0.83867,0.88391,86.83,-34.720,34.720,False,294.064,0.006
T26,10,30,754.9,6.7,6.6,10.0,30.0,0.24,73.48,73.37,298.66,54.42,525.74,14.09,0.50,11.25,9.74,852.577,82.2954,97.4287,1997.22,1.68700,773.738,68.5324,85.6708,8072.29,4.7486,0.90753,0.83276,0.87932,86.83,-32.410,32.410,False,298.670,-0.010
T26,11,30,754.9,6.7,6.6,10.0,30.0,0.24,77.66,77.56,303.26,56.71,478.00,14.09,0.50,11.25,8.05,843.236,80.4579,95.9050,2003.67,1.68094,755.970,65.9005,83.3376,8256.64,4.3860,0.89651,0.81907,0.86896,86.83,-30.120,30.120,False,303.251,0.009
T26,12,30,754.9,6.7,6.6,10.0,30.0,0.24,81.08,80.98,307.85,59.00,453.46,14.09,0.50,11.25,7.25,833.836,78.6713,94.4092,2010.06,1.67499,741.441,63.8552,81.5063,8444.15,4.2268,0.88919,0.81167,0.86333,86.83,-27.830,27.830,False,307.847,0.003
T26,13,30,754.9,6.7,6.6,10.0,30.0,0.24,84.67,84.57,312.44,61.28,427.98,14.09,0.50,11.25,6.46,824.422,76.9414,92.9476,2016.36,1.66913,726.203,61.8064,79.6552,8634.00,4.0520,0.88086,0.80329,0.85699,86.83,-25.550,25.550,False,312.437,0.003
T26,14,30,754.9,6.7,6.6,10.0,30.0,0.24,87.76,87.65,317.03,63.55,413.50,14.09,0.50,11.25,6.03,814.997,75.2662,91.5204,2022.52,1.66332,713.171,60.1278,78.1255,8826.16,3.9759,0.87506,0.79887,0.85364,86.83,-23.280,23.280,False,317.021,0.009
T26,15,30,754.9,6.7,6.6,10.0,30.0,0.24,91.01,90.90,321.62,65.82,397.32,14.09,0.50,11.25,5.57,805.525,73.6368,90.1211,2028.52,1.65748,699.492,58.4354,76.5703,9021.47,3.8797,0.86837,0.79356,0.84964,86.83,-21.010,21.010,False,321.619,0.001
T26,16,30,754.9,6.7,6.6,10.0,30.0,0.24,94.24,94.14,326.21,68.08,382.46,14.09,0.50,11.25,5.17,796.051,72.0588,88.7560,2034.27,1.65158,685.963,56.8281,75.0801,9219.03,3.7920,0.86171,0.78864,0.84592,86.83,-18.750,18.750,False,326.210,0.000
T26,17,30,754.9,6.7,6.6,10.0,30.0,0.24,97.69,97.58,330.80,70.34,365.71,14.09,0.50,11.25,4.73,786.540,70.5240,87.4190,2039.72,1.64552,671.751,55.2081,73.5636,9419.66,3.6814,0.85406,0.78283,0.84151,86.83,-16.490,16.490,False,330.814,-0.014
T26,18,30,754.9,6.7,6.6,10.0,30.0,0.24,99.94,99.84,335.40,72.58,365.59,14.09,0.50,11.25,4.72,777.081,69.0444,86.1217,2044.74,1.63929,662.517,54.1916,72.6039,9621.51,3.7356,0.85257,0.78488,0.84304,86.83,-14.250,14.250,False,335.388,0.012
T26,19,30,754.9,6.7,6.6,10.0,30.0,0.24,103.44,103.34,339.99,74.83,349.51,14.09,0.50,11.25,4.32,767.554,67.5994,84.8466,2049.31,1.63274,648.405,52.6911,71.1744,9827.19,3.6250,0.84477,0.77946,0.83886,86.83,-12.000,12.000,False,339.994,-0.004
T26,20,30,754.9,6.7,6.6,10.0,30.0,0.24,106.94,106.84,344.58,77.06,334.69,14.09,0.50,11.25,3.96,758.093,66.2073,83.6109,2053.27,1.62588,634.550,51.2784,69.8127,10033.83,3.5226,0.83703,0.77451,0.83497,86.83,-9.770,9.770,False,344.569,0.011
T27,1,30,921.5,9.8,9.6,21.3,20.1,0.34,30.61,30.39,236.37,22.50,2697.96,30.12,0.50,19.47,119.69,975.658,114.3645,121.3479,1907.57,1.79780,946.523,105.1366,114.9946,7090.66,19.5653,0.97014,0.91931,0.94764,86.83,-64.330,64.330,False,236.377,-0.007
T27,2,30,921.5,9.8,9.6,21.3,20.1,0.34,36.47,36.25,244.32,26.65,2218.71,30.12,0.50,19.47,80.97,960.438,109.3852,117.9720,1918.12,1.77851,924.335,98.8966,110.4567,7413.43,16.5502,0.96241,0.90411,0.93630,86.83,-60.180,60.180,False,244.315,0.005
T27,3,30,921.5,9.8,9.6,21.3,20.1,0.34,42.87,42.65,252.27,30.78,1794.16,30.12,0.50,19.47,52.97,945.061,104.7059,114.6877,1929.22,1.76131,899.562,92.6084,105.6834,7744.74,13.7666,0.95186,0.88446,0.92149,86.83,-56.050,56.050,False,252.260,0.010
T27,4,30,921.5,9.8,9.6,21.3,20.1,0.34,46.47,46.25,260.22,34.89,1874.70,30.12,0.50,19.47,57.82,929.527,100.3017,111.4958,1940.80,1.74594,885.382,89.2913,103.0850,8084.80,14.7964,0.95251,0.89023,0.92456,86.83,-51.940,51.940,False,260.213,0.007
T27,5,30,921.5,9.8,9.6,21.3,20.1,0.34,50.28,50.06,268.17,38.98,1921.27,30.12,0.50,19.47,60.73,913.837,96.1505,108.3969,1952.65,1.73204,870.188,85.9404,100.4049,8433.86,15.5975,0.95224,0.89381,0.92627,86.83,-47.850,47.850,False,268.175,-0.005
T27,6,30,921.5,9.8,9.6,21.3,20.1,0.34,54.47,54.25,276.12,43.04,1899.50,30.12,0.50,19.47,59.36,898.034,92.2417,105.3988,1964.52,1.71928,853.268,82.4339,97.5429,8791.25,15.8594,0.95015,0.89367,0.92546,86.83,-43.790,43.790,False,276.127,-0.007
T27,7,30,921.5,9.8,9.6,21.3,20.1,0.34,59.32,59.10,284.07,47.07,1769.98,30.12,0.50,19.47,51.55,882.128,88.5565,102.5020,1976.23,1.70736,833.424,78.5944,94.3445,9157.09,15.1956,0.94479,0.88751,0.92042,86.83,-39.760,39.760,False,284.067,0.003
T27,8,30,921.5,9.8,9.6,21.3,20.1,0.34,63.17,62.95,292.02,51.08,1794.71,30.12,0.50,19.47,53.00,866.089,85.0700,99.6999,1987.74,1.69606,817.493,75.7045,91.8949,9532.39,15.8410,0.94389,0.88991,0.92172,86.83,-35.750,35.750,False,292.015,0.005
T27,9,30,921.5,9.8,9.6,21.3,20.1,0.34,67.01,66.79,299.97,55.07,1817.24,30.12,0.50,19.47,54.34,849.931,81.7686,96.9934,1999.05,1.68527,801.464,72.9541,89.5318,9917.26,16.4874,0.94297,0.89220,0.92307,86.83,-31.760,31.760,False,299.969,0.001
T27,10,30,921.5,9.8,9.6,21.3,20.1,0.34,71.13,70.91,307.91,59.03,1793.01,30.12,0.50,19.47,52.90,833.712,78.6482,94.3897,2010.15,1.67491,784.136,70.1436,87.0862,10310.72,16.7163,0.94054,0.89186,0.92262,86.83,-27.800,27.800,False,307.907,0.003
T27,11,30,921.5,9.8,9.6,21.3,20.1,0.34,76.30,76.08,315.86,62.98,1625.57,30.12,0.50,19.47,43.49,817.368,75.6825,91.8761,2020.99,1.66478,762.252,66.8142,84.1505,10714.76,15.5699,0.93257,0.88282,0.91591,86.83,-23.850,23.850,False,315.869,-0.009
T27,12,30,921.5,9.8,9.6,21.3,20.1,0.34,80.87,80.65,323.81,66.90,1549.16,30.12,0.50,19.47,39.51,801.003,72.8772,89.4653,2031.30,1.65467,742.843,64.0486,81.6801,11127.20,15.2379,0.92739,0.87886,0.91298,86.83,-19.930,19.930,False,323.811,-0.001
T27,13,30,921.5,9.8,9.6,21.3,20.1,0.34,85.92,85.70,331.76,70.81,1429.39,30.12,0.50,19.47,33.64,784.558,70.2101,87.1445,2040.81,1.64423,721.416,61.1821,79.0877,11549.90,14.4342,0.91952,0.87141,0.90755,86.83,-16.020,16.020,False,331.773,-0.013
T27,14,30,921.5,9.8,9.6,21.3,20.1,0.34,89.51,89.29,339.71,74.69,1459.28,30.12,0.50,19.47,35.06,768.147,67.6881,84.9251,2049.04,1.63315,706.257,59.2637,77.3332,11980.24,15.1212,0.91943,0.87554,0.91060,86.83,-12.140,12.140,False,339.707,0.003
T27,15,30,921.5,9.8,9.6,21.3,20.1,0.34,93.63,93.40,347.66,78.57,1435.10,30.12,0.50,19.47,33.91,751.680,65.2870,82.7899,2055.59,1.62101,689.042,57.1882,75.4152,12420.86,15.2541,0.91667,0.87595,0.91092,86.83,-8.260,8.260,False,347.671,-0.011
T27,16,30,921.5,9.8,9.6,21.3,20.1,0.34,99.38,99.16,355.61,82.43,1272.89,30.12,0.50,19.47,26.69,735.283,63.0157,80.7498,2059.95,1.60755,665.286,54.4935,72.8896,12868.55,13.8718,0.90480,0.86476,0.90266,86.83,-4.400,4.400,True,355.615,-0.005
T27,17,30,921.5,9.8,9.6,21.3,20.1,0.34,103.72,103.50,363.56,86.29,1237.23,30.12,0.50,19.47,25.22,718.919,60.8600,78.7943,2061.74,1.59247,647.766,52.6246,71.1107,13324.35,13.8178,0.90103,0.86468,0.90249,86.83,-0.540,0.540,True,363.570,-0.010
T27,18,30,921.5,9.8,9.6,21.3,20.1,0.34,106.55,106.33,371.51,90.14,1315.90,30.12,0.50,19.47,28.52,702.683,58.8240,76.9286,2060.68,1.57571,636.552,51.4789,70.0069,13785.54,15.0528,0.90589,0.87513,0.91003,86.83,3.310,3.310,True,371.507,0.003
T27,19,30,921.5,9.8,9.6,21.3,20.1,0.34,111.19,110.97,379.46,94.00,1255.01,30.12,0.50,19.47,25.95,686.544,56.8959,75.1433,2056.61,1.55719,618.573,49.7211,68.2910,14252.69,14.6974,0.90099,0.87390,0.90881,86.83,7.170,7.170,False,379.454,0.006
T27,20,30,921.5,9.8,9.6,21.3,20.1,0.34,114.31,114.09,387.41,97.87,1312.99,30.12,0.50,19.47,28.40,670.561,55.0755,73.4389,2049.52,1.53704,606.793,48.6208,67.2009,14723.79,15.7332,0.90490,0.88280,0.91506,86.83,11.040,11.040,False,387.401,0.009
T28,1,30,1176.4,7.7,7.4,12.9,34.6,0.52,38.34,38.17,263.48,36.57,8057.35,18.18,0.50,9.31,1767.84,923.110,98.5696,110.2134,1945.64,1.74008,916.962,96.9551,109.0044,10502.54,64.3340,0.99334,0.98362,0.98903,86.83,-50.260,50.260,False,263.477,0.003
T28,2,30,1176.4,7.7,7.4,12.9,34.6,0.52,40.77,40.57,267.28,38.52,6286.09,18.18,0.50,9.31,1076.04,915.613,96.6064,108.7415,1951.30,1.73355,907.675,94.5954,107.2134,10715.98,50.8707,0.99133,0.97918,0.98595,86.83,-48.310,48.310,False,267.277,0.003
T28,3,30,1176.4,7.7,7.4,12.9,34.6,0.52,43.52,43.37,271.08,40.47,4432.31,18.18,0.50,9.31,534.98,908.063,94.6923,107.2874,1957.00,1.72726,896.740,91.9329,105.1586,10932.59,36.3550,0.98753,0.97086,0.98016,86.83,-46.360,46.360,False,271.087,-0.007
T28,4,30,1176.4,7.7,7.4,12.9,34.6,0.52,46.35,46.17,274.88,42.41,3417.79,18.18,0.50,9.31,318.12,900.501,92.8350,105.8589,1962.68,1.72121,885.699,89.3634,103.1420,11151.31,28.4119,0.98356,0.96260,0.97434,86.83,-44.420,44.420,False,274.890,-0.010
T28,5,30,1176.4,7.7,7.4,12.9,34.6,0.52,48.69,48.47,278.68,44.34,3114.37,18.18,0.50,9.31,264.15,892.927,91.0324,104.4557,1968.31,1.71537,876.552,87.3194,101.5145,11372.13,26.2374,0.98166,0.95921,0.97184,86.83,-42.490,42.490,False,278.683,-0.003
T28,6,30,1176.4,7.7,7.4,12.9,34.6,0.52,50.55,50.37,282.48,46.27,3135.64,18.18,0.50,9.31,267.77,885.302,89.2733,103.0707,1973.91,1.70968,868.944,85.6747,100.1901,11596.21,26.7716,0.98152,0.95969,0.97205,86.83,-40.560,40.560,False,282.487,-0.007
T28,7,30,1176.4,7.7,7.4,12.9,34.6,0.52,52.92,52.77,286.28,48.19,2808.61,18.18,0.50,9.31,214.84,877.669,87.5651,101.7112,1979.46,1.70415,859.269,83.6518,98.5435,11822.42,24.2999,0.97904,0.95531,0.96886,86.83,-38.640,38.640,False,286.282,-0.002
T28,8,30,1176.4,7.7,7.4,12.9,34.6,0.52,54.44,54.27,290.08,50.11,3090.33,18.18,0.50,9.31,260.09,869.987,85.8975,100.3702,1984.97,1.69875,853.186,82.4176,97.5294,12051.95,27.0946,0.98069,0.95949,0.97170,86.83,-36.720,36.720,False,290.088,-0.008
T28,9,30,1176.4,7.7,7.4,12.9,34.6,0.52,56.02,55.87,293.88,52.02,3340.95,18.18,0.50,9.31,303.98,862.300,84.2775,99.0548,1990.42,1.69348,846.669,81.1259,96.4607,12283.61,29.6809,0.98187,0.96261,0.97381,86.83,-34.810,34.810,False,293.885,-0.005
T28,10,30,1176.4,7.7,7.4,12.9,34.6,0.52,57.98,57.77,297.68,53.93,3346.87,18.18,0.50,9.31,305.06,854.567,82.6953,97.7582,1995.83,1.68831,838.892,79.6247,95.2092,12518.63,30.1279,0.98166,0.96287,0.97392,86.83,-32.900,32.900,False,297.692,-0.012
T28,11,30,1176.4,7.7,7.4,12.9,34.6,0.52,60.54,60.37,301.48,55.83,2831.94,18.18,0.50,9.31,218.42,846.832,81.1579,96.4873,2001.20,1.68326,828.186,77.6261,93.5276,12755.77,25.8284,0.97798,0.95648,0.96933,86.83,-31.000,31.000,False,301.489,-0.009
T28,12,30,1176.4,7.7,7.4,12.9,34.6,0.52,62.86,62.67,305.29,57.72,2600.73,18.18,0.50,9.31,184.22,839.097,79.6638,95.2418,2006.50,1.67831,818.657,75.9101,92.0704,12995.02,24.0298,0.97564,0.95288,0.96670,86.83,-29.110,29.110,False,305.276,0.014
T28,13,30,1176.4,7.7,7.4,12.9,34.6,0.52,64.83,64.67,309.09,59.62,2544.91,18.18,0.50,9.31,176.40,831.281,78.1961,94.0090,2011.79,1.67339,810.329,74.4566,90.8265,13238.92,23.8224,0.97480,0.95218,0.96615,86.83,-27.210,27.210,False,309.093,-0.003
T28,14,30,1176.4,7.7,7.4,12.9,34.6,0.52,67.68,67.47,312.89,61.50,2155.19,18.18,0.50,9.31,126.52,823.510,76.7770,92.8081,2016.96,1.66857,798.612,72.4804,89.1217,13483.62,20.4354,0.96977,0.94404,0.96028,86.83,-25.330,25.330,False,312.881,0.009
T28,15,30,1176.4,7.7,7.4,12.9,34.6,0.52,69.10,68.97,316.69,63.38,2302.60,18.18,0.50,9.31,144.41,815.705,75.3901,91.6263,2022.06,1.66375,792.310,71.4493,88.2261,13731.67,22.1147,0.97132,0.94773,0.96289,86.83,-23.450,23.450,False,316.677,0.013
T28,16,30,1176.4,7.7,7.4,12.9,34.6,0.52,70.83,70.67,320.49,65.26,2378.09,18.18,0.50,9.31,154.03,807.866,74.0346,90.4637,2027.06,1.65893,785.148,70.3034,87.2261,13983.09,23.1333,0.97188,0.94960,0.96421,86.83,-21.570,21.570,False,320.483,0.007
T28,17,30,1176.4,7.7,7.4,12.9,34.6,0.52,72.54,72.37,324.29,67.13,2456.54,18.18,0.50,9.31,164.36,800.039,72.7168,89.3264,2031.89,1.65407,777.969,69.1814,86.2421,14236.49,24.2006,0.97241,0.95138,0.96547,86.83,-19.700,19.700,False,324.279,0.011
T28,18,30,1176.4,7.7,7.4,12.9,34.6,0.52,74.20,74.07,328.09,69.00,2538.13,18.18,0.50,9.31,175.46,792.184,71.4288,88.2083,2036.53,1.64913,770.774,68.0829,85.2742,14493.20,25.3214,0.97297,0.95316,0.96674,86.83,-17.830,17.830,False,328.083,0.007
T28,19,30,1176.4,7.7,7.4,12.9,34.6,0.52,76.53,76.37,331.89,70.87,2336.97,18.18,0.50,9.31,148.75,784.305,70.1702,87.1095,2040.95,1.64406,761.022,66.6338,83.9902,14753.16,23.6086,0.97031,0.94960,0.96419,86.83,-15.960,15.960,False,331.895,-0.005
T28,20,30,1176.4,7.7,7.4,12.9,34.6,0.52,79.07,78.87,335.69,72.73,2093.45,18.18,0.50,9.31,119.38,776.446,68.9468,86.0358,2045.06,1.63886,750.406,65.1063,82.6283,15014.93,21.4124,0.96646,0.94430,0.96040,86.83,-14.100,14.100,False,335.695,-0.005
